caseID,time,state,RobBank,OpenVault,BlowUp,LockDown,AttackAttempts,activity
1782752155,-1,Start,false,false,false,false,0.0,reset
1782752155,0,TryBlowUp,false,false,false,false,0.0,chooseBU
1782752155,1,Start,false,false,false,false,0.0,fail(BlowUp)
1782752155,2,TryOpenVault,false,false,false,false,0.0,chooseOV
1782752155,3,Start,false,true,false,false,0.0,add(OpenVault)
1782752155,4,TryBlowUp,false,true,false,false,0.0,chooseBU
1782752155,5,TryBlowUp,false,true,false,false,0.0,deadlock
148909422,-1,Start,false,false,false,false,0.0,reset
148909422,0,TryOpenVault,false,false,false,false,0.0,chooseOV
148909422,1,Start,false,true,false,false,0.0,add(OpenVault)
148909422,2,Complete,false,true,false,false,0.0,fail(RobBank)
148909422,3,Complete,false,true,false,false,0.0,deadlock
1495431894,-1,Start,false,false,false,false,0.0,reset
1495431894,0,TryBlowUp,false,false,false,false,0.0,chooseBU
1495431894,1,Start,false,false,false,false,0.0,fail(BlowUp)
1495431894,2,TryBlowUp,false,false,false,false,0.0,chooseBU
1495431894,3,TryBlowUp,false,false,false,false,0.0,deadlock
1114055797,-1,Start,false,false,false,false,0.0,reset
1114055797,0,TryBlowUp,false,false,false,false,0.0,chooseBU
1114055797,1,Start,false,false,false,false,0.0,fail(BlowUp)
1114055797,2,TryOpenVault,false,false,false,false,0.0,chooseOV
1114055797,3,Start,false,true,false,false,0.0,add(OpenVault)
1114055797,4,TryBlowUp,false,true,false,false,0.0,chooseBU
1114055797,5,TryBlowUp,false,true,false,false,0.0,deadlock
1766550273,-1,Start,false,false,false,false,0.0,reset
1766550273,0,TryOpenVault,false,false,false,false,0.0,chooseOV
1766550273,1,Start,false,true,false,false,0.0,add(OpenVault)
1766550273,2,Complete,true,true,false,false,0.0,add(RobBank)
1766550273,3,Complete,true,true,false,false,0.0,deadlock
174279060,-1,Start,false,false,false,false,0.0,reset
174279060,0,TryOpenVault,false,false,false,false,0.0,chooseOV
174279060,1,Start,false,true,false,false,0.0,add(OpenVault)
174279060,2,TryBlowUp,false,true,false,false,0.0,chooseBU
174279060,3,Start,false,true,false,false,0.0,fail(BlowUp)
174279060,4,Complete,false,true,false,false,0.0,fail(RobBank)
174279060,5,Complete,false,true,false,false,0.0,deadlock
945523731,-1,Start,false,false,false,false,0.0,reset
945523731,0,TryBlowUp,false,false,false,false,0.0,chooseBU
945523731,1,Start,false,false,false,false,0.0,fail(BlowUp)
945523731,2,TryOpenVault,false,false,false,false,0.0,chooseOV
945523731,3,Start,false,false,false,false,0.0,fail(OpenVault)
945523731,4,TryOpenVault,false,false,false,false,0.0,chooseOV
945523731,5,Start,false,false,false,false,0.0,fail(OpenVault)
945523731,6,TryOpenVault,false,false,false,false,0.0,chooseOV
945523731,7,Start,false,false,false,false,0.0,fail(OpenVault)
945523731,8,TryOpenVault,false,false,false,false,0.0,chooseOV
945523731,9,Start,false,true,false,false,0.0,add(OpenVault)
945523731,10,Complete,true,true,false,false,0.0,add(RobBank)
945523731,11,Complete,true,true,false,false,0.0,deadlock
1036385955,-1,Start,false,false,false,false,0.0,reset
1036385955,0,TryBlowUp,false,false,false,false,0.0,chooseBU
1036385955,1,Start,false,false,false,false,0.0,fail(BlowUp)
1036385955,2,TryBlowUp,false,false,false,false,0.0,chooseBU
1036385955,3,TryBlowUp,false,false,false,false,0.0,deadlock
1563809784,-1,Start,false,false,false,false,0.0,reset
1563809784,0,TryBlowUp,false,false,false,false,0.0,chooseBU
1563809784,1,Start,false,false,false,false,0.0,fail(BlowUp)
1563809784,2,TryOpenVault,false,false,false,false,0.0,chooseOV
1563809784,3,Start,false,true,false,false,0.0,add(OpenVault)
1563809784,4,TryBlowUp,false,true,false,false,0.0,chooseBU
1563809784,5,TryBlowUp,false,true,false,false,0.0,deadlock
672776505,-1,Start,false,false,false,false,0.0,reset
672776505,0,TryOpenVault,false,false,false,false,0.0,chooseOV
672776505,1,Start,false,true,false,false,0.0,add(OpenVault)
672776505,2,Complete,false,true,false,false,0.0,fail(RobBank)
672776505,3,Complete,false,true,false,false,0.0,deadlock
1267155987,-1,Start,false,false,false,false,0.0,reset
1267155987,0,TryBlowUp,false,false,false,false,0.0,chooseBU
1267155987,1,Start,false,false,false,false,0.0,fail(BlowUp)
1267155987,2,TryOpenVault,false,false,false,false,0.0,chooseOV
1267155987,3,Start,false,false,false,false,0.0,fail(OpenVault)
1267155987,4,TryBlowUp,false,false,false,false,0.0,chooseBU
1267155987,5,TryBlowUp,false,false,false,false,0.0,deadlock
1758402844,-1,Start,false,false,false,false,0.0,reset
1758402844,0,TryBlowUp,false,false,false,false,0.0,chooseBU
1758402844,1,Start,false,false,false,false,0.0,fail(BlowUp)
1758402844,2,TryBlowUp,false,false,false,false,0.0,chooseBU
1758402844,3,TryBlowUp,false,false,false,false,0.0,deadlock
1850073520,-1,Start,false,false,false,false,0.0,reset
1850073520,0,TryBlowUp,false,false,false,false,0.0,chooseBU
1850073520,1,Start,false,false,false,false,0.0,fail(BlowUp)
1850073520,2,TryOpenVault,false,false,false,false,0.0,chooseOV
1850073520,3,Start,false,true,false,false,0.0,add(OpenVault)
1850073520,4,Complete,true,true,false,false,0.0,add(RobBank)
1850073520,5,Complete,true,true,false,false,0.0,deadlock
384336934,-1,Start,false,false,false,false,0.0,reset
384336934,0,TryBlowUp,false,false,false,false,0.0,chooseBU
384336934,1,Start,false,false,false,false,0.0,fail(BlowUp)
384336934,2,TryBlowUp,false,false,false,false,0.0,chooseBU
384336934,3,TryBlowUp,false,false,false,false,0.0,deadlock
1790943124,-1,Start,false,false,false,false,0.0,reset
1790943124,0,TryBlowUp,false,false,false,false,0.0,chooseBU
1790943124,1,Start,false,false,false,false,0.0,fail(BlowUp)
1790943124,2,TryOpenVault,false,false,false,false,0.0,chooseOV
1790943124,3,Start,false,true,false,false,0.0,add(OpenVault)
1790943124,4,TryBlowUp,false,true,false,false,0.0,chooseBU
1790943124,5,TryBlowUp,false,true,false,false,0.0,deadlock
1524685839,-1,Start,false,false,false,false,0.0,reset
1524685839,0,TryBlowUp,false,false,false,false,0.0,chooseBU
1524685839,1,Start,false,false,false,false,0.0,fail(BlowUp)
1524685839,2,TryOpenVault,false,false,false,false,0.0,chooseOV
1524685839,3,Start,false,true,false,false,0.0,add(OpenVault)
1524685839,4,Complete,false,true,false,false,0.0,fail(RobBank)
1524685839,5,Complete,false,true,false,false,0.0,deadlock
1972125276,-1,Start,false,false,false,false,0.0,reset
1972125276,0,TryBlowUp,false,false,false,false,0.0,chooseBU
1972125276,1,Start,false,false,false,false,0.0,fail(BlowUp)
1972125276,2,TryBlowUp,false,false,false,false,0.0,chooseBU
1972125276,3,TryBlowUp,false,false,false,false,0.0,deadlock
1323676516,-1,Start,false,false,false,false,0.0,reset
1323676516,0,TryBlowUp,false,false,false,false,0.0,chooseBU
1323676516,1,Start,false,false,false,false,0.0,fail(BlowUp)
1323676516,2,TryBlowUp,false,false,false,false,0.0,chooseBU
1323676516,3,TryBlowUp,false,false,false,false,0.0,deadlock
1572290065,-1,Start,false,false,false,false,0.0,reset
1572290065,0,TryOpenVault,false,false,false,false,0.0,chooseOV
1572290065,1,Start,false,true,false,false,0.0,add(OpenVault)
1572290065,2,Complete,true,true,false,false,0.0,add(RobBank)
1572290065,3,Complete,true,true,false,false,0.0,deadlock
1214125766,-1,Start,false,false,false,false,0.0,reset
1214125766,0,TryBlowUp,false,false,false,false,0.0,chooseBU
1214125766,1,Start,false,false,false,false,0.0,fail(BlowUp)
1214125766,2,TryOpenVault,false,false,false,false,0.0,chooseOV
1214125766,3,Start,false,true,false,false,0.0,add(OpenVault)
1214125766,4,Complete,false,true,false,false,0.0,fail(RobBank)
1214125766,5,Complete,false,true,false,false,0.0,deadlock
439892573,-1,Start,false,false,false,false,0.0,reset
439892573,0,TryOpenVault,false,false,false,false,0.0,chooseOV
439892573,1,Start,false,true,false,false,0.0,add(OpenVault)
439892573,2,Complete,true,true,false,false,0.0,add(RobBank)
439892573,3,Complete,true,true,false,false,0.0,deadlock
1405118445,-1,Start,false,false,false,false,0.0,reset
1405118445,0,TryBlowUp,false,false,false,false,0.0,chooseBU
1405118445,1,Start,false,false,false,false,0.0,fail(BlowUp)
1405118445,2,TryBlowUp,false,false,false,false,0.0,chooseBU
1405118445,3,TryBlowUp,false,false,false,false,0.0,deadlock
1243552732,-1,Start,false,false,false,false,0.0,reset
1243552732,0,TryBlowUp,false,false,false,false,0.0,chooseBU
1243552732,1,Start,false,false,false,false,0.0,fail(BlowUp)
1243552732,2,TryBlowUp,false,false,false,false,0.0,chooseBU
1243552732,3,TryBlowUp,false,false,false,false,0.0,deadlock
1431208261,-1,Start,false,false,false,false,0.0,reset
1431208261,0,TryBlowUp,false,false,false,false,0.0,chooseBU
1431208261,1,Start,false,false,false,false,0.0,fail(BlowUp)
1431208261,2,TryBlowUp,false,false,false,false,0.0,chooseBU
1431208261,3,TryBlowUp,false,false,false,false,0.0,deadlock
1432193540,-1,Start,false,false,false,false,0.0,reset
1432193540,0,TryOpenVault,false,false,false,false,0.0,chooseOV
1432193540,1,Start,false,false,false,false,0.0,fail(OpenVault)
1432193540,2,TryOpenVault,false,false,false,false,0.0,chooseOV
1432193540,3,Start,false,false,false,false,0.0,fail(OpenVault)
1432193540,4,TryOpenVault,false,false,false,false,0.0,chooseOV
1432193540,5,Start,false,true,false,false,0.0,add(OpenVault)
1432193540,6,Complete,false,true,false,false,0.0,fail(RobBank)
1432193540,7,Complete,false,true,false,false,0.0,deadlock
854507887,-1,Start,false,false,false,false,0.0,reset
854507887,0,TryBlowUp,false,false,false,false,0.0,chooseBU
854507887,1,Start,false,false,false,false,0.0,fail(BlowUp)
854507887,2,TryBlowUp,false,false,false,false,0.0,chooseBU
854507887,3,TryBlowUp,false,false,false,false,0.0,deadlock
149555984,-1,Start,false,false,false,false,0.0,reset
149555984,0,TryOpenVault,false,false,false,false,0.0,chooseOV
149555984,1,Start,false,true,false,false,0.0,add(OpenVault)
149555984,2,TryBlowUp,false,true,false,false,0.0,chooseBU
149555984,3,Start,false,true,false,false,0.0,fail(BlowUp)
149555984,4,TryBlowUp,false,true,false,false,0.0,chooseBU
149555984,5,TryBlowUp,false,true,false,false,0.0,deadlock
1805878890,-1,Start,false,false,false,false,0.0,reset
1805878890,0,TryBlowUp,false,false,false,false,0.0,chooseBU
1805878890,1,Start,false,false,false,false,0.0,fail(BlowUp)
1805878890,2,TryBlowUp,false,false,false,false,0.0,chooseBU
1805878890,3,TryBlowUp,false,false,false,false,0.0,deadlock
1261076709,-1,Start,false,false,false,false,0.0,reset
1261076709,0,TryOpenVault,false,false,false,false,0.0,chooseOV
1261076709,1,Start,false,false,false,false,0.0,fail(OpenVault)
1261076709,2,TryOpenVault,false,false,false,false,0.0,chooseOV
1261076709,3,Start,false,false,false,false,0.0,fail(OpenVault)
1261076709,4,TryBlowUp,false,false,false,false,0.0,chooseBU
1261076709,5,Start,false,false,false,false,0.0,fail(BlowUp)
1261076709,6,TryBlowUp,false,false,false,false,0.0,chooseBU
1261076709,7,TryBlowUp,false,false,false,false,0.0,deadlock
1479383951,-1,Start,false,false,false,false,0.0,reset
1479383951,0,TryBlowUp,false,false,false,false,0.0,chooseBU
1479383951,1,Start,false,false,false,false,0.0,fail(BlowUp)
1479383951,2,TryBlowUp,false,false,false,false,0.0,chooseBU
1479383951,3,TryBlowUp,false,false,false,false,0.0,deadlock
106545887,-1,Start,false,false,false,false,0.0,reset
106545887,0,TryBlowUp,false,false,false,false,0.0,chooseBU
106545887,1,Start,false,false,false,false,0.0,fail(BlowUp)
106545887,2,TryBlowUp,false,false,false,false,0.0,chooseBU
106545887,3,TryBlowUp,false,false,false,false,0.0,deadlock
680080699,-1,Start,false,false,false,false,0.0,reset
680080699,0,TryBlowUp,false,false,false,false,0.0,chooseBU
680080699,1,Start,false,false,false,false,0.0,fail(BlowUp)
680080699,2,TryBlowUp,false,false,false,false,0.0,chooseBU
680080699,3,TryBlowUp,false,false,false,false,0.0,deadlock
1093118994,-1,Start,false,false,false,false,0.0,reset
1093118994,0,TryBlowUp,false,false,false,false,0.0,chooseBU
1093118994,1,Start,false,false,false,false,0.0,fail(BlowUp)
1093118994,2,TryBlowUp,false,false,false,false,0.0,chooseBU
1093118994,3,TryBlowUp,false,false,false,false,0.0,deadlock
1750825159,-1,Start,false,false,false,false,0.0,reset
1750825159,0,TryOpenVault,false,false,false,false,0.0,chooseOV
1750825159,1,Start,false,true,false,false,0.0,add(OpenVault)
1750825159,2,Complete,true,true,false,false,0.0,add(RobBank)
1750825159,3,Complete,true,true,false,false,0.0,deadlock
310330196,-1,Start,false,false,false,false,0.0,reset
310330196,0,TryOpenVault,false,false,false,false,0.0,chooseOV
310330196,1,Start,false,true,false,false,0.0,add(OpenVault)
310330196,2,TryBlowUp,false,true,false,false,0.0,chooseBU
310330196,3,Start,false,true,false,false,0.0,fail(BlowUp)
310330196,4,Complete,true,true,false,false,0.0,add(RobBank)
310330196,5,Complete,true,true,false,false,0.0,deadlock
854321696,-1,Start,false,false,false,false,0.0,reset
854321696,0,TryOpenVault,false,false,false,false,0.0,chooseOV
854321696,1,Start,false,true,false,false,0.0,add(OpenVault)
854321696,2,TryBlowUp,false,true,false,false,0.0,chooseBU
854321696,3,Start,false,true,false,false,0.0,fail(BlowUp)
854321696,4,TryBlowUp,false,true,false,false,0.0,chooseBU
854321696,5,TryBlowUp,false,true,false,false,0.0,deadlock
97934515,-1,Start,false,false,false,false,0.0,reset
97934515,0,TryOpenVault,false,false,false,false,0.0,chooseOV
97934515,1,Start,false,true,false,false,0.0,add(OpenVault)
97934515,2,Complete,true,true,false,false,0.0,add(RobBank)
97934515,3,Complete,true,true,false,false,0.0,deadlock
2014743421,-1,Start,false,false,false,false,0.0,reset
2014743421,0,TryBlowUp,false,false,false,false,0.0,chooseBU
2014743421,1,Start,false,false,false,false,0.0,fail(BlowUp)
2014743421,2,TryOpenVault,false,false,false,false,0.0,chooseOV
2014743421,3,Start,false,true,false,false,0.0,add(OpenVault)
2014743421,4,Complete,false,true,false,false,0.0,fail(RobBank)
2014743421,5,Complete,false,true,false,false,0.0,deadlock
305465688,-1,Start,false,false,false,false,0.0,reset
305465688,0,TryOpenVault,false,false,false,false,0.0,chooseOV
305465688,1,Start,false,false,false,false,0.0,fail(OpenVault)
305465688,2,TryBlowUp,false,false,false,false,0.0,chooseBU
305465688,3,Start,false,false,false,false,0.0,fail(BlowUp)
305465688,4,TryBlowUp,false,false,false,false,0.0,chooseBU
305465688,5,TryBlowUp,false,false,false,false,0.0,deadlock
2049806812,-1,Start,false,false,false,false,0.0,reset
2049806812,0,TryOpenVault,false,false,false,false,0.0,chooseOV
2049806812,1,Start,false,false,false,false,0.0,fail(OpenVault)
2049806812,2,TryBlowUp,false,false,false,false,0.0,chooseBU
2049806812,3,Start,false,false,false,false,0.0,fail(BlowUp)
2049806812,4,TryOpenVault,false,false,false,false,0.0,chooseOV
2049806812,5,Start,false,true,false,false,0.0,add(OpenVault)
2049806812,6,TryBlowUp,false,true,false,false,0.0,chooseBU
2049806812,7,TryBlowUp,false,true,false,false,0.0,deadlock
1484428982,-1,Start,false,false,false,false,0.0,reset
1484428982,0,TryBlowUp,false,false,false,false,0.0,chooseBU
1484428982,1,Start,false,false,false,false,0.0,fail(BlowUp)
1484428982,2,TryBlowUp,false,false,false,false,0.0,chooseBU
1484428982,3,TryBlowUp,false,false,false,false,0.0,deadlock
1053137819,-1,Start,false,false,false,false,0.0,reset
1053137819,0,TryBlowUp,false,false,false,false,0.0,chooseBU
1053137819,1,Start,false,false,false,false,0.0,fail(BlowUp)
1053137819,2,TryBlowUp,false,false,false,false,0.0,chooseBU
1053137819,3,TryBlowUp,false,false,false,false,0.0,deadlock
2002102689,-1,Start,false,false,false,false,0.0,reset
2002102689,0,TryBlowUp,false,false,false,false,0.0,chooseBU
2002102689,1,Start,false,false,false,false,0.0,fail(BlowUp)
2002102689,2,TryBlowUp,false,false,false,false,0.0,chooseBU
2002102689,3,TryBlowUp,false,false,false,false,0.0,deadlock
514095186,-1,Start,false,false,false,false,0.0,reset
514095186,0,TryOpenVault,false,false,false,false,0.0,chooseOV
514095186,1,Start,false,true,false,false,0.0,add(OpenVault)
514095186,2,TryBlowUp,false,true,false,false,0.0,chooseBU
514095186,3,Start,false,true,false,false,0.0,fail(BlowUp)
514095186,4,Complete,false,true,false,false,0.0,fail(RobBank)
514095186,5,Complete,false,true,false,false,0.0,deadlock
1387005132,-1,Start,false,false,false,false,0.0,reset
1387005132,0,TryBlowUp,false,false,false,false,0.0,chooseBU
1387005132,1,Start,false,false,false,false,0.0,fail(BlowUp)
1387005132,2,TryBlowUp,false,false,false,false,0.0,chooseBU
1387005132,3,TryBlowUp,false,false,false,false,0.0,deadlock
73807627,-1,Start,false,false,false,false,0.0,reset
73807627,0,TryBlowUp,false,false,false,false,0.0,chooseBU
73807627,1,Start,false,false,false,false,0.0,fail(BlowUp)
73807627,2,TryBlowUp,false,false,false,false,0.0,chooseBU
73807627,3,TryBlowUp,false,false,false,false,0.0,deadlock
763256034,-1,Start,false,false,false,false,0.0,reset
763256034,0,TryBlowUp,false,false,false,false,0.0,chooseBU
763256034,1,Start,false,false,false,false,0.0,fail(BlowUp)
763256034,2,TryBlowUp,false,false,false,false,0.0,chooseBU
763256034,3,TryBlowUp,false,false,false,false,0.0,deadlock
1232410801,-1,Start,false,false,false,false,0.0,reset
1232410801,0,TryBlowUp,false,false,false,false,0.0,chooseBU
1232410801,1,Start,false,false,false,false,0.0,fail(BlowUp)
1232410801,2,TryBlowUp,false,false,false,false,0.0,chooseBU
1232410801,3,TryBlowUp,false,false,false,false,0.0,deadlock
793491219,-1,Start,false,false,false,false,0.0,reset
793491219,0,TryBlowUp,false,false,false,false,0.0,chooseBU
793491219,1,Start,false,false,false,false,0.0,fail(BlowUp)
793491219,2,TryBlowUp,false,false,false,false,0.0,chooseBU
793491219,3,TryBlowUp,false,false,false,false,0.0,deadlock
1683757752,-1,Start,false,false,false,false,0.0,reset
1683757752,0,TryBlowUp,false,false,false,false,0.0,chooseBU
1683757752,1,Start,false,false,false,false,0.0,fail(BlowUp)
1683757752,2,TryBlowUp,false,false,false,false,0.0,chooseBU
1683757752,3,TryBlowUp,false,false,false,false,0.0,deadlock
483056671,-1,Start,false,false,false,false,0.0,reset
483056671,0,TryBlowUp,false,false,false,false,0.0,chooseBU
483056671,1,Start,false,false,false,false,0.0,fail(BlowUp)
483056671,2,TryBlowUp,false,false,false,false,0.0,chooseBU
483056671,3,TryBlowUp,false,false,false,false,0.0,deadlock
705822915,-1,Start,false,false,false,false,0.0,reset
705822915,0,TryBlowUp,false,false,false,false,0.0,chooseBU
705822915,1,Start,false,false,false,false,0.0,fail(BlowUp)
705822915,2,TryBlowUp,false,false,false,false,0.0,chooseBU
705822915,3,TryBlowUp,false,false,false,false,0.0,deadlock
558127161,-1,Start,false,false,false,false,0.0,reset
558127161,0,TryOpenVault,false,false,false,false,0.0,chooseOV
558127161,1,Start,false,true,false,false,0.0,add(OpenVault)
558127161,2,TryBlowUp,false,true,false,false,0.0,chooseBU
558127161,3,Start,false,true,false,false,0.0,fail(BlowUp)
558127161,4,TryBlowUp,false,true,false,false,0.0,chooseBU
558127161,5,TryBlowUp,false,true,false,false,0.0,deadlock
1586901213,-1,Start,false,false,false,false,0.0,reset
1586901213,0,TryBlowUp,false,false,false,false,0.0,chooseBU
1586901213,1,Start,false,false,false,false,0.0,fail(BlowUp)
1586901213,2,TryOpenVault,false,false,false,false,0.0,chooseOV
1586901213,3,Start,false,true,false,false,0.0,add(OpenVault)
1586901213,4,Complete,true,true,false,false,0.0,add(RobBank)
1586901213,5,Complete,true,true,false,false,0.0,deadlock
1198966952,-1,Start,false,false,false,false,0.0,reset
1198966952,0,TryBlowUp,false,false,false,false,0.0,chooseBU
1198966952,1,Start,false,false,false,false,0.0,fail(BlowUp)
1198966952,2,TryOpenVault,false,false,false,false,0.0,chooseOV
1198966952,3,Start,false,true,false,false,0.0,add(OpenVault)
1198966952,4,TryBlowUp,false,true,false,false,0.0,chooseBU
1198966952,5,TryBlowUp,false,true,false,false,0.0,deadlock
1930913988,-1,Start,false,false,false,false,0.0,reset
1930913988,0,TryBlowUp,false,false,false,false,0.0,chooseBU
1930913988,1,Start,false,false,false,false,0.0,fail(BlowUp)
1930913988,2,TryBlowUp,false,false,false,false,0.0,chooseBU
1930913988,3,TryBlowUp,false,false,false,false,0.0,deadlock
787423669,-1,Start,false,false,false,false,0.0,reset
787423669,0,TryBlowUp,false,false,false,false,0.0,chooseBU
787423669,1,Start,false,false,false,false,0.0,fail(BlowUp)
787423669,2,TryBlowUp,false,false,false,false,0.0,chooseBU
787423669,3,TryBlowUp,false,false,false,false,0.0,deadlock
13444091,-1,Start,false,false,false,false,0.0,reset
13444091,0,TryBlowUp,false,false,false,false,0.0,chooseBU
13444091,1,Start,false,false,false,false,0.0,fail(BlowUp)
13444091,2,TryBlowUp,false,false,false,false,0.0,chooseBU
13444091,3,TryBlowUp,false,false,false,false,0.0,deadlock
1113313150,-1,Start,false,false,false,false,0.0,reset
1113313150,0,TryBlowUp,false,false,false,false,0.0,chooseBU
1113313150,1,Start,false,false,false,false,0.0,fail(BlowUp)
1113313150,2,TryBlowUp,false,false,false,false,0.0,chooseBU
1113313150,3,TryBlowUp,false,false,false,false,0.0,deadlock
674934984,-1,Start,false,false,false,false,0.0,reset
674934984,0,TryBlowUp,false,false,false,false,0.0,chooseBU
674934984,1,Start,false,false,false,false,0.0,fail(BlowUp)
674934984,2,TryBlowUp,false,false,false,false,0.0,chooseBU
674934984,3,TryBlowUp,false,false,false,false,0.0,deadlock
227328422,-1,Start,false,false,false,false,0.0,reset
227328422,0,TryOpenVault,false,false,false,false,0.0,chooseOV
227328422,1,Start,false,true,false,false,0.0,add(OpenVault)
227328422,2,Complete,true,true,false,false,0.0,add(RobBank)
227328422,3,Complete,true,true,false,false,0.0,deadlock
59647644,-1,Start,false,false,false,false,0.0,reset
59647644,0,TryBlowUp,false,false,false,false,0.0,chooseBU
59647644,1,Start,false,false,false,false,0.0,fail(BlowUp)
59647644,2,TryBlowUp,false,false,false,false,0.0,chooseBU
59647644,3,TryBlowUp,false,false,false,false,0.0,deadlock
1185383372,-1,Start,false,false,false,false,0.0,reset
1185383372,0,TryBlowUp,false,false,false,false,0.0,chooseBU
1185383372,1,Start,false,false,false,false,0.0,fail(BlowUp)
1185383372,2,TryBlowUp,false,false,false,false,0.0,chooseBU
1185383372,3,TryBlowUp,false,false,false,false,0.0,deadlock
640070342,-1,Start,false,false,false,false,0.0,reset
640070342,0,TryOpenVault,false,false,false,false,0.0,chooseOV
640070342,1,Start,false,true,false,false,0.0,add(OpenVault)
640070342,2,TryBlowUp,false,true,false,false,0.0,chooseBU
640070342,3,Start,false,true,false,false,0.0,fail(BlowUp)
640070342,4,TryBlowUp,false,true,false,false,0.0,chooseBU
640070342,5,TryBlowUp,false,true,false,false,0.0,deadlock
750212383,-1,Start,false,false,false,false,0.0,reset
750212383,0,TryOpenVault,false,false,false,false,0.0,chooseOV
750212383,1,Start,false,true,false,false,0.0,add(OpenVault)
750212383,2,Complete,true,true,false,false,0.0,add(RobBank)
750212383,3,Complete,true,true,false,false,0.0,deadlock
5489244,-1,Start,false,false,false,false,0.0,reset
5489244,0,TryBlowUp,false,false,false,false,0.0,chooseBU
5489244,1,Start,false,false,false,false,0.0,fail(BlowUp)
5489244,2,TryBlowUp,false,false,false,false,0.0,chooseBU
5489244,3,TryBlowUp,false,false,false,false,0.0,deadlock
2016975292,-1,Start,false,false,false,false,0.0,reset
2016975292,0,TryOpenVault,false,false,false,false,0.0,chooseOV
2016975292,1,Start,false,true,false,false,0.0,add(OpenVault)
2016975292,2,Complete,true,true,false,false,0.0,add(RobBank)
2016975292,3,Complete,true,true,false,false,0.0,deadlock
2009933670,-1,Start,false,false,false,false,0.0,reset
2009933670,0,TryBlowUp,false,false,false,false,0.0,chooseBU
2009933670,1,Start,false,false,false,false,0.0,fail(BlowUp)
2009933670,2,TryBlowUp,false,false,false,false,0.0,chooseBU
2009933670,3,TryBlowUp,false,false,false,false,0.0,deadlock
739037836,-1,Start,false,false,false,false,0.0,reset
739037836,0,TryBlowUp,false,false,false,false,0.0,chooseBU
739037836,1,Start,false,false,false,false,0.0,fail(BlowUp)
739037836,2,TryOpenVault,false,false,false,false,0.0,chooseOV
739037836,3,Start,false,false,false,false,0.0,fail(OpenVault)
739037836,4,TryOpenVault,false,false,false,false,0.0,chooseOV
739037836,5,Start,false,true,false,false,0.0,add(OpenVault)
739037836,6,TryBlowUp,false,true,false,false,0.0,chooseBU
739037836,7,TryBlowUp,false,true,false,false,0.0,deadlock
572734428,-1,Start,false,false,false,false,0.0,reset
572734428,0,TryOpenVault,false,false,false,false,0.0,chooseOV
572734428,1,Start,false,true,false,false,0.0,add(OpenVault)
572734428,2,Complete,true,true,false,false,0.0,add(RobBank)
572734428,3,Complete,true,true,false,false,0.0,deadlock
1978726851,-1,Start,false,false,false,false,0.0,reset
1978726851,0,TryBlowUp,false,false,false,false,0.0,chooseBU
1978726851,1,Start,false,false,false,false,0.0,fail(BlowUp)
1978726851,2,TryBlowUp,false,false,false,false,0.0,chooseBU
1978726851,3,TryBlowUp,false,false,false,false,0.0,deadlock
755660551,-1,Start,false,false,false,false,0.0,reset
755660551,0,TryOpenVault,false,false,false,false,0.0,chooseOV
755660551,1,Start,false,true,false,false,0.0,add(OpenVault)
755660551,2,TryBlowUp,false,true,false,false,0.0,chooseBU
755660551,3,Start,false,true,false,false,0.0,fail(BlowUp)
755660551,4,TryBlowUp,false,true,false,false,0.0,chooseBU
755660551,5,TryBlowUp,false,true,false,false,0.0,deadlock
1862164505,-1,Start,false,false,false,false,0.0,reset
1862164505,0,TryOpenVault,false,false,false,false,0.0,chooseOV
1862164505,1,Start,false,true,false,false,0.0,add(OpenVault)
1862164505,2,Complete,false,true,false,false,0.0,fail(RobBank)
1862164505,3,Complete,false,true,false,false,0.0,deadlock
1331971708,-1,Start,false,false,false,false,0.0,reset
1331971708,0,TryBlowUp,false,false,false,false,0.0,chooseBU
1331971708,1,Start,false,false,false,false,0.0,fail(BlowUp)
1331971708,2,TryBlowUp,false,false,false,false,0.0,chooseBU
1331971708,3,TryBlowUp,false,false,false,false,0.0,deadlock
1313283636,-1,Start,false,false,false,false,0.0,reset
1313283636,0,TryBlowUp,false,false,false,false,0.0,chooseBU
1313283636,1,Start,false,false,false,false,0.0,fail(BlowUp)
1313283636,2,TryOpenVault,false,false,false,false,0.0,chooseOV
1313283636,3,Start,false,true,false,false,0.0,add(OpenVault)
1313283636,4,Complete,true,true,false,false,0.0,add(RobBank)
1313283636,5,Complete,true,true,false,false,0.0,deadlock
685589321,-1,Start,false,false,false,false,0.0,reset
685589321,0,TryBlowUp,false,false,false,false,0.0,chooseBU
685589321,1,Start,false,false,false,false,0.0,fail(BlowUp)
685589321,2,TryBlowUp,false,false,false,false,0.0,chooseBU
685589321,3,TryBlowUp,false,false,false,false,0.0,deadlock
1331546603,-1,Start,false,false,false,false,0.0,reset
1331546603,0,TryOpenVault,false,false,false,false,0.0,chooseOV
1331546603,1,Start,false,true,false,false,0.0,add(OpenVault)
1331546603,2,TryBlowUp,false,true,false,false,0.0,chooseBU
1331546603,3,Start,false,true,false,false,0.0,fail(BlowUp)
1331546603,4,TryBlowUp,false,true,false,false,0.0,chooseBU
1331546603,5,TryBlowUp,false,true,false,false,0.0,deadlock
1203464882,-1,Start,false,false,false,false,0.0,reset
1203464882,0,TryBlowUp,false,false,false,false,0.0,chooseBU
1203464882,1,Start,false,false,false,false,0.0,fail(BlowUp)
1203464882,2,TryOpenVault,false,false,false,false,0.0,chooseOV
1203464882,3,Start,false,false,false,false,0.0,fail(OpenVault)
1203464882,4,TryBlowUp,false,false,false,false,0.0,chooseBU
1203464882,5,TryBlowUp,false,false,false,false,0.0,deadlock
597975538,-1,Start,false,false,false,false,0.0,reset
597975538,0,TryBlowUp,false,false,false,false,0.0,chooseBU
597975538,1,Start,false,false,false,false,0.0,fail(BlowUp)
597975538,2,TryOpenVault,false,false,false,false,0.0,chooseOV
597975538,3,Start,false,true,false,false,0.0,add(OpenVault)
597975538,4,Complete,true,true,false,false,0.0,add(RobBank)
597975538,5,Complete,true,true,false,false,0.0,deadlock
66990974,-1,Start,false,false,false,false,0.0,reset
66990974,0,TryOpenVault,false,false,false,false,0.0,chooseOV
66990974,1,Start,false,false,false,false,0.0,fail(OpenVault)
66990974,2,TryBlowUp,false,false,false,false,0.0,chooseBU
66990974,3,Start,false,false,false,false,0.0,fail(BlowUp)
66990974,4,TryBlowUp,false,false,false,false,0.0,chooseBU
66990974,5,TryBlowUp,false,false,false,false,0.0,deadlock
2112421956,-1,Start,false,false,false,false,0.0,reset
2112421956,0,TryOpenVault,false,false,false,false,0.0,chooseOV
2112421956,1,Start,false,true,false,false,0.0,add(OpenVault)
2112421956,2,TryBlowUp,false,true,false,false,0.0,chooseBU
2112421956,3,Start,false,true,false,false,0.0,fail(BlowUp)
2112421956,4,Complete,false,true,false,false,0.0,fail(RobBank)
2112421956,5,Complete,false,true,false,false,0.0,deadlock
904039219,-1,Start,false,false,false,false,0.0,reset
904039219,0,TryBlowUp,false,false,false,false,0.0,chooseBU
904039219,1,Start,false,false,false,false,0.0,fail(BlowUp)
904039219,2,TryBlowUp,false,false,false,false,0.0,chooseBU
904039219,3,TryBlowUp,false,false,false,false,0.0,deadlock
591441769,-1,Start,false,false,false,false,0.0,reset
591441769,0,TryBlowUp,false,false,false,false,0.0,chooseBU
591441769,1,Start,false,false,false,false,0.0,fail(BlowUp)
591441769,2,TryOpenVault,false,false,false,false,0.0,chooseOV
591441769,3,Start,false,true,false,false,0.0,add(OpenVault)
591441769,4,Complete,true,true,false,false,0.0,add(RobBank)
591441769,5,Complete,true,true,false,false,0.0,deadlock
450232796,-1,Start,false,false,false,false,0.0,reset
450232796,0,TryBlowUp,false,false,false,false,0.0,chooseBU
450232796,1,Start,false,false,false,false,0.0,fail(BlowUp)
450232796,2,TryBlowUp,false,false,false,false,0.0,chooseBU
450232796,3,TryBlowUp,false,false,false,false,0.0,deadlock
2106403242,-1,Start,false,false,false,false,0.0,reset
2106403242,0,TryOpenVault,false,false,false,false,0.0,chooseOV
2106403242,1,Start,false,false,false,false,0.0,fail(OpenVault)
2106403242,2,TryBlowUp,false,false,false,false,0.0,chooseBU
2106403242,3,Start,false,false,false,false,0.0,fail(BlowUp)
2106403242,4,TryBlowUp,false,false,false,false,0.0,chooseBU
2106403242,5,TryBlowUp,false,false,false,false,0.0,deadlock
1358097799,-1,Start,false,false,false,false,0.0,reset
1358097799,0,TryBlowUp,false,false,false,false,0.0,chooseBU
1358097799,1,Start,false,false,false,false,0.0,fail(BlowUp)
1358097799,2,TryBlowUp,false,false,false,false,0.0,chooseBU
1358097799,3,TryBlowUp,false,false,false,false,0.0,deadlock
346425727,-1,Start,false,false,false,false,0.0,reset
346425727,0,TryOpenVault,false,false,false,false,0.0,chooseOV
346425727,1,Start,false,true,false,false,0.0,add(OpenVault)
346425727,2,Complete,true,true,false,false,0.0,add(RobBank)
346425727,3,Complete,true,true,false,false,0.0,deadlock
1604608108,-1,Start,false,false,false,false,0.0,reset
1604608108,0,TryBlowUp,false,false,false,false,0.0,chooseBU
1604608108,1,Start,false,false,false,false,0.0,fail(BlowUp)
1604608108,2,TryBlowUp,false,false,false,false,0.0,chooseBU
1604608108,3,TryBlowUp,false,false,false,false,0.0,deadlock
1907966475,-1,Start,false,false,false,false,0.0,reset
1907966475,0,TryBlowUp,false,false,false,false,0.0,chooseBU
1907966475,1,Start,false,false,false,false,0.0,fail(BlowUp)
1907966475,2,TryBlowUp,false,false,false,false,0.0,chooseBU
1907966475,3,TryBlowUp,false,false,false,false,0.0,deadlock
1599711008,-1,Start,false,false,false,false,0.0,reset
1599711008,0,TryBlowUp,false,false,false,false,0.0,chooseBU
1599711008,1,Start,false,false,false,false,0.0,fail(BlowUp)
1599711008,2,TryBlowUp,false,false,false,false,0.0,chooseBU
1599711008,3,TryBlowUp,false,false,false,false,0.0,deadlock
1813706316,-1,Start,false,false,false,false,0.0,reset
1813706316,0,TryBlowUp,false,false,false,false,0.0,chooseBU
1813706316,1,Start,false,false,false,false,0.0,fail(BlowUp)
1813706316,2,TryBlowUp,false,false,false,false,0.0,chooseBU
1813706316,3,TryBlowUp,false,false,false,false,0.0,deadlock
1030130612,-1,Start,false,false,false,false,0.0,reset
1030130612,0,TryBlowUp,false,false,false,false,0.0,chooseBU
1030130612,1,Start,false,false,false,false,0.0,fail(BlowUp)
1030130612,2,TryBlowUp,false,false,false,false,0.0,chooseBU
1030130612,3,TryBlowUp,false,false,false,false,0.0,deadlock
1872159500,-1,Start,false,false,false,false,0.0,reset
1872159500,0,TryBlowUp,false,false,false,false,0.0,chooseBU
1872159500,1,Start,false,false,false,false,0.0,fail(BlowUp)
1872159500,2,TryBlowUp,false,false,false,false,0.0,chooseBU
1872159500,3,TryBlowUp,false,false,false,false,0.0,deadlock
1228691799,-1,Start,false,false,false,false,0.0,reset
1228691799,0,TryBlowUp,false,false,false,false,0.0,chooseBU
1228691799,1,Start,false,false,false,false,0.0,fail(BlowUp)
1228691799,2,TryBlowUp,false,false,false,false,0.0,chooseBU
1228691799,3,TryBlowUp,false,false,false,false,0.0,deadlock
669885511,-1,Start,false,false,false,false,0.0,reset
669885511,0,TryOpenVault,false,false,false,false,0.0,chooseOV
669885511,1,Start,false,false,false,false,0.0,fail(OpenVault)
669885511,2,TryBlowUp,false,false,false,false,0.0,chooseBU
669885511,3,Start,false,false,false,false,0.0,fail(BlowUp)
669885511,4,TryBlowUp,false,false,false,false,0.0,chooseBU
669885511,5,TryBlowUp,false,false,false,false,0.0,deadlock
624531969,-1,Start,false,false,false,false,0.0,reset
624531969,0,TryOpenVault,false,false,false,false,0.0,chooseOV
624531969,1,Start,false,true,false,false,0.0,add(OpenVault)
624531969,2,TryBlowUp,false,true,false,false,0.0,chooseBU
624531969,3,Start,false,true,false,false,0.0,fail(BlowUp)
624531969,4,TryBlowUp,false,true,false,false,0.0,chooseBU
624531969,5,TryBlowUp,false,true,false,false,0.0,deadlock
987669804,-1,Start,false,false,false,false,0.0,reset
987669804,0,TryBlowUp,false,false,false,false,0.0,chooseBU
987669804,1,Start,false,false,false,false,0.0,fail(BlowUp)
987669804,2,TryOpenVault,false,false,false,false,0.0,chooseOV
987669804,3,Start,false,true,false,false,0.0,add(OpenVault)
987669804,4,TryBlowUp,false,true,false,false,0.0,chooseBU
987669804,5,TryBlowUp,false,true,false,false,0.0,deadlock
1268864787,-1,Start,false,false,false,false,0.0,reset
1268864787,0,TryBlowUp,false,false,false,false,0.0,chooseBU
1268864787,1,Start,false,false,false,false,0.0,fail(BlowUp)
1268864787,2,TryBlowUp,false,false,false,false,0.0,chooseBU
1268864787,3,TryBlowUp,false,false,false,false,0.0,deadlock
1588408361,-1,Start,false,false,false,false,0.0,reset
1588408361,0,TryBlowUp,false,false,false,false,0.0,chooseBU
1588408361,1,Start,false,false,false,false,0.0,fail(BlowUp)
1588408361,2,TryOpenVault,false,false,false,false,0.0,chooseOV
1588408361,3,Start,false,false,false,false,0.0,fail(OpenVault)
1588408361,4,TryOpenVault,false,false,false,false,0.0,chooseOV
1588408361,5,Start,false,true,false,false,0.0,add(OpenVault)
1588408361,6,TryBlowUp,false,true,false,false,0.0,chooseBU
1588408361,7,TryBlowUp,false,true,false,false,0.0,deadlock
777721575,-1,Start,false,false,false,false,0.0,reset
777721575,0,TryBlowUp,false,false,false,false,0.0,chooseBU
777721575,1,Start,false,false,false,false,0.0,fail(BlowUp)
777721575,2,TryBlowUp,false,false,false,false,0.0,chooseBU
777721575,3,TryBlowUp,false,false,false,false,0.0,deadlock
1867898661,-1,Start,false,false,false,false,0.0,reset
1867898661,0,TryOpenVault,false,false,false,false,0.0,chooseOV
1867898661,1,Start,false,true,false,false,0.0,add(OpenVault)
1867898661,2,Complete,true,true,false,false,0.0,add(RobBank)
1867898661,3,Complete,true,true,false,false,0.0,deadlock
1842911412,-1,Start,false,false,false,false,0.0,reset
1842911412,0,TryOpenVault,false,false,false,false,0.0,chooseOV
1842911412,1,Start,false,false,false,false,0.0,fail(OpenVault)
1842911412,2,TryOpenVault,false,false,false,false,0.0,chooseOV
1842911412,3,Start,false,true,false,false,0.0,add(OpenVault)
1842911412,4,Complete,true,true,false,false,0.0,add(RobBank)
1842911412,5,Complete,true,true,false,false,0.0,deadlock
1608984604,-1,Start,false,false,false,false,0.0,reset
1608984604,0,TryBlowUp,false,false,false,false,0.0,chooseBU
1608984604,1,Start,false,false,false,false,0.0,fail(BlowUp)
1608984604,2,TryBlowUp,false,false,false,false,0.0,chooseBU
1608984604,3,TryBlowUp,false,false,false,false,0.0,deadlock
922384890,-1,Start,false,false,false,false,0.0,reset
922384890,0,TryOpenVault,false,false,false,false,0.0,chooseOV
922384890,1,Start,false,true,false,false,0.0,add(OpenVault)
922384890,2,TryBlowUp,false,true,false,false,0.0,chooseBU
922384890,3,Start,false,true,false,false,0.0,fail(BlowUp)
922384890,4,TryBlowUp,false,true,false,false,0.0,chooseBU
922384890,5,TryBlowUp,false,true,false,false,0.0,deadlock
36510095,-1,Start,false,false,false,false,0.0,reset
36510095,0,TryBlowUp,false,false,false,false,0.0,chooseBU
36510095,1,Start,false,false,false,false,0.0,fail(BlowUp)
36510095,2,TryOpenVault,false,false,false,false,0.0,chooseOV
36510095,3,Start,false,true,false,false,0.0,add(OpenVault)
36510095,4,TryBlowUp,false,true,false,false,0.0,chooseBU
36510095,5,TryBlowUp,false,true,false,false,0.0,deadlock
25273588,-1,Start,false,false,false,false,0.0,reset
25273588,0,TryBlowUp,false,false,false,false,0.0,chooseBU
25273588,1,Start,false,false,false,false,0.0,fail(BlowUp)
25273588,2,TryOpenVault,false,false,false,false,0.0,chooseOV
25273588,3,Start,false,true,false,false,0.0,add(OpenVault)
25273588,4,TryBlowUp,false,true,false,false,0.0,chooseBU
25273588,5,TryBlowUp,false,true,false,false,0.0,deadlock
79624985,-1,Start,false,false,false,false,0.0,reset
79624985,0,TryBlowUp,false,false,false,false,0.0,chooseBU
79624985,1,Start,false,false,false,false,0.0,fail(BlowUp)
79624985,2,TryOpenVault,false,false,false,false,0.0,chooseOV
79624985,3,Start,false,true,false,false,0.0,add(OpenVault)
79624985,4,TryBlowUp,false,true,false,false,0.0,chooseBU
79624985,5,TryBlowUp,false,true,false,false,0.0,deadlock
622465908,-1,Start,false,false,false,false,0.0,reset
622465908,0,TryOpenVault,false,false,false,false,0.0,chooseOV
622465908,1,Start,false,true,false,false,0.0,add(OpenVault)
622465908,2,Complete,true,true,false,false,0.0,add(RobBank)
622465908,3,Complete,true,true,false,false,0.0,deadlock
577435225,-1,Start,false,false,false,false,0.0,reset
577435225,0,TryBlowUp,false,false,false,false,0.0,chooseBU
577435225,1,Start,false,false,false,false,0.0,fail(BlowUp)
577435225,2,TryBlowUp,false,false,false,false,0.0,chooseBU
577435225,3,TryBlowUp,false,false,false,false,0.0,deadlock
1507197984,-1,Start,false,false,false,false,0.0,reset
1507197984,0,TryBlowUp,false,false,false,false,0.0,chooseBU
1507197984,1,Start,false,false,false,false,0.0,fail(BlowUp)
1507197984,2,TryBlowUp,false,false,false,false,0.0,chooseBU
1507197984,3,TryBlowUp,false,false,false,false,0.0,deadlock
943761482,-1,Start,false,false,false,false,0.0,reset
943761482,0,TryOpenVault,false,false,false,false,0.0,chooseOV
943761482,1,Start,false,true,false,false,0.0,add(OpenVault)
943761482,2,TryBlowUp,false,true,false,false,0.0,chooseBU
943761482,3,Start,false,true,false,false,0.0,fail(BlowUp)
943761482,4,Complete,true,true,false,false,0.0,add(RobBank)
943761482,5,Complete,true,true,false,false,0.0,deadlock
1561670807,-1,Start,false,false,false,false,0.0,reset
1561670807,0,TryOpenVault,false,false,false,false,0.0,chooseOV
1561670807,1,Start,false,false,false,false,0.0,fail(OpenVault)
1561670807,2,TryBlowUp,false,false,false,false,0.0,chooseBU
1561670807,3,Start,false,false,false,false,0.0,fail(BlowUp)
1561670807,4,TryBlowUp,false,false,false,false,0.0,chooseBU
1561670807,5,TryBlowUp,false,false,false,false,0.0,deadlock
219228724,-1,Start,false,false,false,false,0.0,reset
219228724,0,TryBlowUp,false,false,false,false,0.0,chooseBU
219228724,1,Start,false,false,false,false,0.0,fail(BlowUp)
219228724,2,TryBlowUp,false,false,false,false,0.0,chooseBU
219228724,3,TryBlowUp,false,false,false,false,0.0,deadlock
160886397,-1,Start,false,false,false,false,0.0,reset
160886397,0,TryBlowUp,false,false,false,false,0.0,chooseBU
160886397,1,Start,false,false,false,false,0.0,fail(BlowUp)
160886397,2,TryOpenVault,false,false,false,false,0.0,chooseOV
160886397,3,Start,false,true,false,false,0.0,add(OpenVault)
160886397,4,Complete,true,true,false,false,0.0,add(RobBank)
160886397,5,Complete,true,true,false,false,0.0,deadlock
660406744,-1,Start,false,false,false,false,0.0,reset
660406744,0,TryBlowUp,false,false,false,false,0.0,chooseBU
660406744,1,Start,false,false,false,false,0.0,fail(BlowUp)
660406744,2,TryOpenVault,false,false,false,false,0.0,chooseOV
660406744,3,Start,false,false,false,false,0.0,fail(OpenVault)
660406744,4,TryBlowUp,false,false,false,false,0.0,chooseBU
660406744,5,TryBlowUp,false,false,false,false,0.0,deadlock
48196485,-1,Start,false,false,false,false,0.0,reset
48196485,0,TryBlowUp,false,false,false,false,0.0,chooseBU
48196485,1,Start,false,false,false,false,0.0,fail(BlowUp)
48196485,2,TryBlowUp,false,false,false,false,0.0,chooseBU
48196485,3,TryBlowUp,false,false,false,false,0.0,deadlock
1456777182,-1,Start,false,false,false,false,0.0,reset
1456777182,0,TryBlowUp,false,false,false,false,0.0,chooseBU
1456777182,1,Start,false,false,false,false,0.0,fail(BlowUp)
1456777182,2,TryBlowUp,false,false,false,false,0.0,chooseBU
1456777182,3,TryBlowUp,false,false,false,false,0.0,deadlock
1308567862,-1,Start,false,false,false,false,0.0,reset
1308567862,0,TryBlowUp,false,false,false,false,0.0,chooseBU
1308567862,1,Start,false,false,false,false,0.0,fail(BlowUp)
1308567862,2,TryBlowUp,false,false,false,false,0.0,chooseBU
1308567862,3,TryBlowUp,false,false,false,false,0.0,deadlock
1123301747,-1,Start,false,false,false,false,0.0,reset
1123301747,0,TryOpenVault,false,false,false,false,0.0,chooseOV
1123301747,1,Start,false,true,false,false,0.0,add(OpenVault)
1123301747,2,Complete,true,true,false,false,0.0,add(RobBank)
1123301747,3,Complete,true,true,false,false,0.0,deadlock
719237866,-1,Start,false,false,false,false,0.0,reset
719237866,0,TryOpenVault,false,false,false,false,0.0,chooseOV
719237866,1,Start,false,true,false,false,0.0,add(OpenVault)
719237866,2,TryBlowUp,false,true,false,false,0.0,chooseBU
719237866,3,Start,false,true,false,false,0.0,fail(BlowUp)
719237866,4,TryBlowUp,false,true,false,false,0.0,chooseBU
719237866,5,TryBlowUp,false,true,false,false,0.0,deadlock
850894132,-1,Start,false,false,false,false,0.0,reset
850894132,0,TryBlowUp,false,false,false,false,0.0,chooseBU
850894132,1,Start,false,false,false,false,0.0,fail(BlowUp)
850894132,2,TryOpenVault,false,false,false,false,0.0,chooseOV
850894132,3,Start,false,true,false,false,0.0,add(OpenVault)
850894132,4,Complete,true,true,false,false,0.0,add(RobBank)
850894132,5,Complete,true,true,false,false,0.0,deadlock
2013107505,-1,Start,false,false,false,false,0.0,reset
2013107505,0,TryBlowUp,false,false,false,false,0.0,chooseBU
2013107505,1,Start,false,false,false,false,0.0,fail(BlowUp)
2013107505,2,TryBlowUp,false,false,false,false,0.0,chooseBU
2013107505,3,TryBlowUp,false,false,false,false,0.0,deadlock
1395388445,-1,Start,false,false,false,false,0.0,reset
1395388445,0,TryOpenVault,false,false,false,false,0.0,chooseOV
1395388445,1,Start,false,false,false,false,0.0,fail(OpenVault)
1395388445,2,TryBlowUp,false,false,false,false,0.0,chooseBU
1395388445,3,Start,false,false,false,false,0.0,fail(BlowUp)
1395388445,4,TryBlowUp,false,false,false,false,0.0,chooseBU
1395388445,5,TryBlowUp,false,false,false,false,0.0,deadlock
675156645,-1,Start,false,false,false,false,0.0,reset
675156645,0,TryOpenVault,false,false,false,false,0.0,chooseOV
675156645,1,Start,false,true,false,false,0.0,add(OpenVault)
675156645,2,TryBlowUp,false,true,false,false,0.0,chooseBU
675156645,3,Start,false,true,false,false,0.0,fail(BlowUp)
675156645,4,TryBlowUp,false,true,false,false,0.0,chooseBU
675156645,5,TryBlowUp,false,true,false,false,0.0,deadlock
749396341,-1,Start,false,false,false,false,0.0,reset
749396341,0,TryBlowUp,false,false,false,false,0.0,chooseBU
749396341,1,Start,false,false,false,false,0.0,fail(BlowUp)
749396341,2,TryBlowUp,false,false,false,false,0.0,chooseBU
749396341,3,TryBlowUp,false,false,false,false,0.0,deadlock
150112774,-1,Start,false,false,false,false,0.0,reset
150112774,0,TryBlowUp,false,false,false,false,0.0,chooseBU
150112774,1,Start,false,false,false,false,0.0,fail(BlowUp)
150112774,2,TryBlowUp,false,false,false,false,0.0,chooseBU
150112774,3,TryBlowUp,false,false,false,false,0.0,deadlock
238285453,-1,Start,false,false,false,false,0.0,reset
238285453,0,TryOpenVault,false,false,false,false,0.0,chooseOV
238285453,1,Start,false,false,false,false,0.0,fail(OpenVault)
238285453,2,TryBlowUp,false,false,false,false,0.0,chooseBU
238285453,3,Start,false,false,false,false,0.0,fail(BlowUp)
238285453,4,TryBlowUp,false,false,false,false,0.0,chooseBU
238285453,5,TryBlowUp,false,false,false,false,0.0,deadlock
903092966,-1,Start,false,false,false,false,0.0,reset
903092966,0,TryOpenVault,false,false,false,false,0.0,chooseOV
903092966,1,Start,false,true,false,false,0.0,add(OpenVault)
903092966,2,TryBlowUp,false,true,false,false,0.0,chooseBU
903092966,3,Start,false,true,false,false,0.0,fail(BlowUp)
903092966,4,TryBlowUp,false,true,false,false,0.0,chooseBU
903092966,5,TryBlowUp,false,true,false,false,0.0,deadlock
1425544488,-1,Start,false,false,false,false,0.0,reset
1425544488,0,TryBlowUp,false,false,false,false,0.0,chooseBU
1425544488,1,Start,false,false,false,false,0.0,fail(BlowUp)
1425544488,2,TryBlowUp,false,false,false,false,0.0,chooseBU
1425544488,3,TryBlowUp,false,false,false,false,0.0,deadlock
1434611620,-1,Start,false,false,false,false,0.0,reset
1434611620,0,TryBlowUp,false,false,false,false,0.0,chooseBU
1434611620,1,Start,false,false,false,false,0.0,fail(BlowUp)
1434611620,2,TryBlowUp,false,false,false,false,0.0,chooseBU
1434611620,3,TryBlowUp,false,false,false,false,0.0,deadlock
1584972997,-1,Start,false,false,false,false,0.0,reset
1584972997,0,TryOpenVault,false,false,false,false,0.0,chooseOV
1584972997,1,Start,false,true,false,false,0.0,add(OpenVault)
1584972997,2,Complete,false,true,false,false,0.0,fail(RobBank)
1584972997,3,Complete,false,true,false,false,0.0,deadlock
309837111,-1,Start,false,false,false,false,0.0,reset
309837111,0,TryBlowUp,false,false,false,false,0.0,chooseBU
309837111,1,Start,false,false,false,false,0.0,fail(BlowUp)
309837111,2,TryBlowUp,false,false,false,false,0.0,chooseBU
309837111,3,TryBlowUp,false,false,false,false,0.0,deadlock
1226259775,-1,Start,false,false,false,false,0.0,reset
1226259775,0,TryBlowUp,false,false,false,false,0.0,chooseBU
1226259775,1,Start,false,false,false,false,0.0,fail(BlowUp)
1226259775,2,TryBlowUp,false,false,false,false,0.0,chooseBU
1226259775,3,TryBlowUp,false,false,false,false,0.0,deadlock
1212793931,-1,Start,false,false,false,false,0.0,reset
1212793931,0,TryBlowUp,false,false,false,false,0.0,chooseBU
1212793931,1,Start,false,false,false,false,0.0,fail(BlowUp)
1212793931,2,TryBlowUp,false,false,false,false,0.0,chooseBU
1212793931,3,TryBlowUp,false,false,false,false,0.0,deadlock
1354261195,-1,Start,false,false,false,false,0.0,reset
1354261195,0,TryBlowUp,false,false,false,false,0.0,chooseBU
1354261195,1,Start,false,false,false,false,0.0,fail(BlowUp)
1354261195,2,TryBlowUp,false,false,false,false,0.0,chooseBU
1354261195,3,TryBlowUp,false,false,false,false,0.0,deadlock
1113420491,-1,Start,false,false,false,false,0.0,reset
1113420491,0,TryOpenVault,false,false,false,false,0.0,chooseOV
1113420491,1,Start,false,false,false,false,0.0,fail(OpenVault)
1113420491,2,TryBlowUp,false,false,false,false,0.0,chooseBU
1113420491,3,Start,false,false,false,false,0.0,fail(BlowUp)
1113420491,4,TryBlowUp,false,false,false,false,0.0,chooseBU
1113420491,5,TryBlowUp,false,false,false,false,0.0,deadlock
1875039530,-1,Start,false,false,false,false,0.0,reset
1875039530,0,TryBlowUp,false,false,false,false,0.0,chooseBU
1875039530,1,Start,false,false,false,false,0.0,fail(BlowUp)
1875039530,2,TryOpenVault,false,false,false,false,0.0,chooseOV
1875039530,3,Start,false,true,false,false,0.0,add(OpenVault)
1875039530,4,TryBlowUp,false,true,false,false,0.0,chooseBU
1875039530,5,TryBlowUp,false,true,false,false,0.0,deadlock
608258399,-1,Start,false,false,false,false,0.0,reset
608258399,0,TryBlowUp,false,false,false,false,0.0,chooseBU
608258399,1,Start,false,false,false,false,0.0,fail(BlowUp)
608258399,2,TryBlowUp,false,false,false,false,0.0,chooseBU
608258399,3,TryBlowUp,false,false,false,false,0.0,deadlock
2114807963,-1,Start,false,false,false,false,0.0,reset
2114807963,0,TryOpenVault,false,false,false,false,0.0,chooseOV
2114807963,1,Start,false,true,false,false,0.0,add(OpenVault)
2114807963,2,TryBlowUp,false,true,false,false,0.0,chooseBU
2114807963,3,Start,false,true,false,false,0.0,fail(BlowUp)
2114807963,4,TryBlowUp,false,true,false,false,0.0,chooseBU
2114807963,5,TryBlowUp,false,true,false,false,0.0,deadlock
18263402,-1,Start,false,false,false,false,0.0,reset
18263402,0,TryBlowUp,false,false,false,false,0.0,chooseBU
18263402,1,Start,false,false,false,false,0.0,fail(BlowUp)
18263402,2,TryBlowUp,false,false,false,false,0.0,chooseBU
18263402,3,TryBlowUp,false,false,false,false,0.0,deadlock
186100118,-1,Start,false,false,false,false,0.0,reset
186100118,0,TryBlowUp,false,false,false,false,0.0,chooseBU
186100118,1,Start,false,false,false,false,0.0,fail(BlowUp)
186100118,2,TryOpenVault,false,false,false,false,0.0,chooseOV
186100118,3,Start,false,true,false,false,0.0,add(OpenVault)
186100118,4,TryBlowUp,false,true,false,false,0.0,chooseBU
186100118,5,TryBlowUp,false,true,false,false,0.0,deadlock
275003394,-1,Start,false,false,false,false,0.0,reset
275003394,0,TryOpenVault,false,false,false,false,0.0,chooseOV
275003394,1,Start,false,true,false,false,0.0,add(OpenVault)
275003394,2,TryBlowUp,false,true,false,false,0.0,chooseBU
275003394,3,Start,false,true,false,false,0.0,fail(BlowUp)
275003394,4,TryBlowUp,false,true,false,false,0.0,chooseBU
275003394,5,TryBlowUp,false,true,false,false,0.0,deadlock
1825351133,-1,Start,false,false,false,false,0.0,reset
1825351133,0,TryBlowUp,false,false,false,false,0.0,chooseBU
1825351133,1,Start,false,false,false,false,0.0,fail(BlowUp)
1825351133,2,TryOpenVault,false,false,false,false,0.0,chooseOV
1825351133,3,Start,false,false,false,false,0.0,fail(OpenVault)
1825351133,4,TryBlowUp,false,false,false,false,0.0,chooseBU
1825351133,5,TryBlowUp,false,false,false,false,0.0,deadlock
1417598212,-1,Start,false,false,false,false,0.0,reset
1417598212,0,TryOpenVault,false,false,false,false,0.0,chooseOV
1417598212,1,Start,false,true,false,false,0.0,add(OpenVault)
1417598212,2,Complete,true,true,false,false,0.0,add(RobBank)
1417598212,3,Complete,true,true,false,false,0.0,deadlock
912262249,-1,Start,false,false,false,false,0.0,reset
912262249,0,TryBlowUp,false,false,false,false,0.0,chooseBU
912262249,1,Start,false,false,false,false,0.0,fail(BlowUp)
912262249,2,TryBlowUp,false,false,false,false,0.0,chooseBU
912262249,3,TryBlowUp,false,false,false,false,0.0,deadlock
520039013,-1,Start,false,false,false,false,0.0,reset
520039013,0,TryBlowUp,false,false,false,false,0.0,chooseBU
520039013,1,Start,false,false,false,false,0.0,fail(BlowUp)
520039013,2,TryBlowUp,false,false,false,false,0.0,chooseBU
520039013,3,TryBlowUp,false,false,false,false,0.0,deadlock
1354728933,-1,Start,false,false,false,false,0.0,reset
1354728933,0,TryBlowUp,false,false,false,false,0.0,chooseBU
1354728933,1,Start,false,false,false,false,0.0,fail(BlowUp)
1354728933,2,TryBlowUp,false,false,false,false,0.0,chooseBU
1354728933,3,TryBlowUp,false,false,false,false,0.0,deadlock
1021696934,-1,Start,false,false,false,false,0.0,reset
1021696934,0,TryBlowUp,false,false,false,false,0.0,chooseBU
1021696934,1,Start,false,false,false,false,0.0,fail(BlowUp)
1021696934,2,TryBlowUp,false,false,false,false,0.0,chooseBU
1021696934,3,TryBlowUp,false,false,false,false,0.0,deadlock
1159985670,-1,Start,false,false,false,false,0.0,reset
1159985670,0,TryBlowUp,false,false,false,false,0.0,chooseBU
1159985670,1,Start,false,false,false,false,0.0,fail(BlowUp)
1159985670,2,TryOpenVault,false,false,false,false,0.0,chooseOV
1159985670,3,Start,false,true,false,false,0.0,add(OpenVault)
1159985670,4,TryBlowUp,false,true,false,false,0.0,chooseBU
1159985670,5,TryBlowUp,false,true,false,false,0.0,deadlock
1287647484,-1,Start,false,false,false,false,0.0,reset
1287647484,0,TryOpenVault,false,false,false,false,0.0,chooseOV
1287647484,1,Start,false,true,false,false,0.0,add(OpenVault)
1287647484,2,Complete,false,true,false,false,0.0,fail(RobBank)
1287647484,3,Complete,false,true,false,false,0.0,deadlock
665485294,-1,Start,false,false,false,false,0.0,reset
665485294,0,TryBlowUp,false,false,false,false,0.0,chooseBU
665485294,1,Start,false,false,false,false,0.0,fail(BlowUp)
665485294,2,TryBlowUp,false,false,false,false,0.0,chooseBU
665485294,3,TryBlowUp,false,false,false,false,0.0,deadlock
693634397,-1,Start,false,false,false,false,0.0,reset
693634397,0,TryBlowUp,false,false,false,false,0.0,chooseBU
693634397,1,Start,false,false,false,false,0.0,fail(BlowUp)
693634397,2,TryBlowUp,false,false,false,false,0.0,chooseBU
693634397,3,TryBlowUp,false,false,false,false,0.0,deadlock
1608062341,-1,Start,false,false,false,false,0.0,reset
1608062341,0,TryOpenVault,false,false,false,false,0.0,chooseOV
1608062341,1,Start,false,false,false,false,0.0,fail(OpenVault)
1608062341,2,TryBlowUp,false,false,false,false,0.0,chooseBU
1608062341,3,Start,false,false,false,false,0.0,fail(BlowUp)
1608062341,4,TryBlowUp,false,false,false,false,0.0,chooseBU
1608062341,5,TryBlowUp,false,false,false,false,0.0,deadlock
1955786255,-1,Start,false,false,false,false,0.0,reset
1955786255,0,TryOpenVault,false,false,false,false,0.0,chooseOV
1955786255,1,Start,false,true,false,false,0.0,add(OpenVault)
1955786255,2,Complete,true,true,false,false,0.0,add(RobBank)
1955786255,3,Complete,true,true,false,false,0.0,deadlock
1417760623,-1,Start,false,false,false,false,0.0,reset
1417760623,0,TryBlowUp,false,false,false,false,0.0,chooseBU
1417760623,1,Start,false,false,false,false,0.0,fail(BlowUp)
1417760623,2,TryBlowUp,false,false,false,false,0.0,chooseBU
1417760623,3,TryBlowUp,false,false,false,false,0.0,deadlock
1980884874,-1,Start,false,false,false,false,0.0,reset
1980884874,0,TryOpenVault,false,false,false,false,0.0,chooseOV
1980884874,1,Start,false,true,false,false,0.0,add(OpenVault)
1980884874,2,Complete,true,true,false,false,0.0,add(RobBank)
1980884874,3,Complete,true,true,false,false,0.0,deadlock
294471382,-1,Start,false,false,false,false,0.0,reset
294471382,0,TryOpenVault,false,false,false,false,0.0,chooseOV
294471382,1,Start,false,true,false,false,0.0,add(OpenVault)
294471382,2,Complete,true,true,false,false,0.0,add(RobBank)
294471382,3,Complete,true,true,false,false,0.0,deadlock
417753554,-1,Start,false,false,false,false,0.0,reset
417753554,0,TryOpenVault,false,false,false,false,0.0,chooseOV
417753554,1,Start,false,true,false,false,0.0,add(OpenVault)
417753554,2,TryBlowUp,false,true,false,false,0.0,chooseBU
417753554,3,Start,false,true,false,false,0.0,fail(BlowUp)
417753554,4,TryBlowUp,false,true,false,false,0.0,chooseBU
417753554,5,TryBlowUp,false,true,false,false,0.0,deadlock
1111800738,-1,Start,false,false,false,false,0.0,reset
1111800738,0,TryBlowUp,false,false,false,false,0.0,chooseBU
1111800738,1,Start,false,false,false,false,0.0,fail(BlowUp)
1111800738,2,TryOpenVault,false,false,false,false,0.0,chooseOV
1111800738,3,Start,false,true,false,false,0.0,add(OpenVault)
1111800738,4,Complete,true,true,false,false,0.0,add(RobBank)
1111800738,5,Complete,true,true,false,false,0.0,deadlock
700009981,-1,Start,false,false,false,false,0.0,reset
700009981,0,TryBlowUp,false,false,false,false,0.0,chooseBU
700009981,1,Start,false,false,false,false,0.0,fail(BlowUp)
700009981,2,TryBlowUp,false,false,false,false,0.0,chooseBU
700009981,3,TryBlowUp,false,false,false,false,0.0,deadlock
1804754167,-1,Start,false,false,false,false,0.0,reset
1804754167,0,TryBlowUp,false,false,false,false,0.0,chooseBU
1804754167,1,Start,false,false,false,false,0.0,fail(BlowUp)
1804754167,2,TryBlowUp,false,false,false,false,0.0,chooseBU
1804754167,3,TryBlowUp,false,false,false,false,0.0,deadlock
837949924,-1,Start,false,false,false,false,0.0,reset
837949924,0,TryBlowUp,false,false,false,false,0.0,chooseBU
837949924,1,Start,false,false,false,false,0.0,fail(BlowUp)
837949924,2,TryOpenVault,false,false,false,false,0.0,chooseOV
837949924,3,Start,false,false,false,false,0.0,fail(OpenVault)
837949924,4,TryBlowUp,false,false,false,false,0.0,chooseBU
837949924,5,TryBlowUp,false,false,false,false,0.0,deadlock
1820623599,-1,Start,false,false,false,false,0.0,reset
1820623599,0,TryBlowUp,false,false,false,false,0.0,chooseBU
1820623599,1,Start,false,false,false,false,0.0,fail(BlowUp)
1820623599,2,TryBlowUp,false,false,false,false,0.0,chooseBU
1820623599,3,TryBlowUp,false,false,false,false,0.0,deadlock
1854272197,-1,Start,false,false,false,false,0.0,reset
1854272197,0,TryBlowUp,false,false,false,false,0.0,chooseBU
1854272197,1,Start,false,false,false,false,0.0,fail(BlowUp)
1854272197,2,TryBlowUp,false,false,false,false,0.0,chooseBU
1854272197,3,TryBlowUp,false,false,false,false,0.0,deadlock
912721510,-1,Start,false,false,false,false,0.0,reset
912721510,0,TryBlowUp,false,false,false,false,0.0,chooseBU
912721510,1,Start,false,false,false,false,0.0,fail(BlowUp)
912721510,2,TryBlowUp,false,false,false,false,0.0,chooseBU
912721510,3,TryBlowUp,false,false,false,false,0.0,deadlock
1843817836,-1,Start,false,false,false,false,0.0,reset
1843817836,0,TryBlowUp,false,false,false,false,0.0,chooseBU
1843817836,1,Start,false,false,false,false,0.0,fail(BlowUp)
1843817836,2,TryBlowUp,false,false,false,false,0.0,chooseBU
1843817836,3,TryBlowUp,false,false,false,false,0.0,deadlock
100547936,-1,Start,false,false,false,false,0.0,reset
100547936,0,TryBlowUp,false,false,false,false,0.0,chooseBU
100547936,1,Start,false,false,false,false,0.0,fail(BlowUp)
100547936,2,TryBlowUp,false,false,false,false,0.0,chooseBU
100547936,3,TryBlowUp,false,false,false,false,0.0,deadlock
98241018,-1,Start,false,false,false,false,0.0,reset
98241018,0,TryBlowUp,false,false,false,false,0.0,chooseBU
98241018,1,Start,false,false,false,false,0.0,fail(BlowUp)
98241018,2,TryBlowUp,false,false,false,false,0.0,chooseBU
98241018,3,TryBlowUp,false,false,false,false,0.0,deadlock
475658473,-1,Start,false,false,false,false,0.0,reset
475658473,0,TryBlowUp,false,false,false,false,0.0,chooseBU
475658473,1,Start,false,false,false,false,0.0,fail(BlowUp)
475658473,2,TryBlowUp,false,false,false,false,0.0,chooseBU
475658473,3,TryBlowUp,false,false,false,false,0.0,deadlock
898812902,-1,Start,false,false,false,false,0.0,reset
898812902,0,TryBlowUp,false,false,false,false,0.0,chooseBU
898812902,1,Start,false,false,false,false,0.0,fail(BlowUp)
898812902,2,TryBlowUp,false,false,false,false,0.0,chooseBU
898812902,3,TryBlowUp,false,false,false,false,0.0,deadlock
200414050,-1,Start,false,false,false,false,0.0,reset
200414050,0,TryBlowUp,false,false,false,false,0.0,chooseBU
200414050,1,Start,false,false,false,false,0.0,fail(BlowUp)
200414050,2,TryBlowUp,false,false,false,false,0.0,chooseBU
200414050,3,TryBlowUp,false,false,false,false,0.0,deadlock
1190452967,-1,Start,false,false,false,false,0.0,reset
1190452967,0,TryBlowUp,false,false,false,false,0.0,chooseBU
1190452967,1,Start,false,false,false,false,0.0,fail(BlowUp)
1190452967,2,TryOpenVault,false,false,false,false,0.0,chooseOV
1190452967,3,Start,false,false,false,false,0.0,fail(OpenVault)
1190452967,4,TryOpenVault,false,false,false,false,0.0,chooseOV
1190452967,5,Start,false,false,false,false,0.0,fail(OpenVault)
1190452967,6,TryBlowUp,false,false,false,false,0.0,chooseBU
1190452967,7,TryBlowUp,false,false,false,false,0.0,deadlock
1608905322,-1,Start,false,false,false,false,0.0,reset
1608905322,0,TryBlowUp,false,false,false,false,0.0,chooseBU
1608905322,1,Start,false,false,false,false,0.0,fail(BlowUp)
1608905322,2,TryOpenVault,false,false,false,false,0.0,chooseOV
1608905322,3,Start,false,true,false,false,0.0,add(OpenVault)
1608905322,4,TryBlowUp,false,true,false,false,0.0,chooseBU
1608905322,5,TryBlowUp,false,true,false,false,0.0,deadlock
1242937315,-1,Start,false,false,false,false,0.0,reset
1242937315,0,TryBlowUp,false,false,false,false,0.0,chooseBU
1242937315,1,Start,false,false,false,false,0.0,fail(BlowUp)
1242937315,2,TryBlowUp,false,false,false,false,0.0,chooseBU
1242937315,3,TryBlowUp,false,false,false,false,0.0,deadlock
1423012765,-1,Start,false,false,false,false,0.0,reset
1423012765,0,TryBlowUp,false,false,false,false,0.0,chooseBU
1423012765,1,Start,false,false,false,false,0.0,fail(BlowUp)
1423012765,2,TryBlowUp,false,false,false,false,0.0,chooseBU
1423012765,3,TryBlowUp,false,false,false,false,0.0,deadlock
893417206,-1,Start,false,false,false,false,0.0,reset
893417206,0,TryOpenVault,false,false,false,false,0.0,chooseOV
893417206,1,Start,false,true,false,false,0.0,add(OpenVault)
893417206,2,TryBlowUp,false,true,false,false,0.0,chooseBU
893417206,3,Start,false,true,false,false,0.0,fail(BlowUp)
893417206,4,TryBlowUp,false,true,false,false,0.0,chooseBU
893417206,5,TryBlowUp,false,true,false,false,0.0,deadlock
1266757891,-1,Start,false,false,false,false,0.0,reset
1266757891,0,TryBlowUp,false,false,false,false,0.0,chooseBU
1266757891,1,Start,false,false,false,false,0.0,fail(BlowUp)
1266757891,2,TryBlowUp,false,false,false,false,0.0,chooseBU
1266757891,3,TryBlowUp,false,false,false,false,0.0,deadlock
1937930030,-1,Start,false,false,false,false,0.0,reset
1937930030,0,TryOpenVault,false,false,false,false,0.0,chooseOV
1937930030,1,Start,false,true,false,false,0.0,add(OpenVault)
1937930030,2,TryBlowUp,false,true,false,false,0.0,chooseBU
1937930030,3,Start,false,true,false,false,0.0,fail(BlowUp)
1937930030,4,Complete,true,true,false,false,0.0,add(RobBank)
1937930030,5,Complete,true,true,false,false,0.0,deadlock
823901896,-1,Start,false,false,false,false,0.0,reset
823901896,0,TryBlowUp,false,false,false,false,0.0,chooseBU
823901896,1,Start,false,false,false,false,0.0,fail(BlowUp)
823901896,2,TryOpenVault,false,false,false,false,0.0,chooseOV
823901896,3,Start,false,true,false,false,0.0,add(OpenVault)
823901896,4,Complete,true,true,false,false,0.0,add(RobBank)
823901896,5,Complete,true,true,false,false,0.0,deadlock
810073655,-1,Start,false,false,false,false,0.0,reset
810073655,0,TryOpenVault,false,false,false,false,0.0,chooseOV
810073655,1,Start,false,false,false,false,0.0,fail(OpenVault)
810073655,2,TryBlowUp,false,false,false,false,0.0,chooseBU
810073655,3,Start,false,false,false,false,0.0,fail(BlowUp)
810073655,4,TryBlowUp,false,false,false,false,0.0,chooseBU
810073655,5,TryBlowUp,false,false,false,false,0.0,deadlock
581907970,-1,Start,false,false,false,false,0.0,reset
581907970,0,TryOpenVault,false,false,false,false,0.0,chooseOV
581907970,1,Start,false,false,false,false,0.0,fail(OpenVault)
581907970,2,TryBlowUp,false,false,false,false,0.0,chooseBU
581907970,3,Start,false,false,false,false,0.0,fail(BlowUp)
581907970,4,TryOpenVault,false,false,false,false,0.0,chooseOV
581907970,5,Start,false,false,false,false,0.0,fail(OpenVault)
581907970,6,TryOpenVault,false,false,false,false,0.0,chooseOV
581907970,7,Start,false,false,false,false,0.0,fail(OpenVault)
581907970,8,TryBlowUp,false,false,false,false,0.0,chooseBU
581907970,9,TryBlowUp,false,false,false,false,0.0,deadlock
1810387657,-1,Start,false,false,false,false,0.0,reset
1810387657,0,TryOpenVault,false,false,false,false,0.0,chooseOV
1810387657,1,Start,false,true,false,false,0.0,add(OpenVault)
1810387657,2,TryBlowUp,false,true,false,false,0.0,chooseBU
1810387657,3,Start,false,true,false,false,0.0,fail(BlowUp)
1810387657,4,Complete,false,true,false,false,0.0,fail(RobBank)
1810387657,5,Complete,false,true,false,false,0.0,deadlock
1684874554,-1,Start,false,false,false,false,0.0,reset
1684874554,0,TryOpenVault,false,false,false,false,0.0,chooseOV
1684874554,1,Start,false,true,false,false,0.0,add(OpenVault)
1684874554,2,TryBlowUp,false,true,false,false,0.0,chooseBU
1684874554,3,Start,false,true,false,false,0.0,fail(BlowUp)
1684874554,4,Complete,true,true,false,false,0.0,add(RobBank)
1684874554,5,Complete,true,true,false,false,0.0,deadlock
1991538762,-1,Start,false,false,false,false,0.0,reset
1991538762,0,TryOpenVault,false,false,false,false,0.0,chooseOV
1991538762,1,Start,false,true,false,false,0.0,add(OpenVault)
1991538762,2,TryBlowUp,false,true,false,false,0.0,chooseBU
1991538762,3,Start,false,true,false,false,0.0,fail(BlowUp)
1991538762,4,Complete,true,true,false,false,0.0,add(RobBank)
1991538762,5,Complete,true,true,false,false,0.0,deadlock
1338179070,-1,Start,false,false,false,false,0.0,reset
1338179070,0,TryBlowUp,false,false,false,false,0.0,chooseBU
1338179070,1,Start,false,false,false,false,0.0,fail(BlowUp)
1338179070,2,TryOpenVault,false,false,false,false,0.0,chooseOV
1338179070,3,Start,false,true,false,false,0.0,add(OpenVault)
1338179070,4,TryBlowUp,false,true,false,false,0.0,chooseBU
1338179070,5,TryBlowUp,false,true,false,false,0.0,deadlock
457827323,-1,Start,false,false,false,false,0.0,reset
457827323,0,TryOpenVault,false,false,false,false,0.0,chooseOV
457827323,1,Start,false,false,false,false,0.0,fail(OpenVault)
457827323,2,TryOpenVault,false,false,false,false,0.0,chooseOV
457827323,3,Start,false,true,false,false,0.0,add(OpenVault)
457827323,4,Complete,true,true,false,false,0.0,add(RobBank)
457827323,5,Complete,true,true,false,false,0.0,deadlock
1427268833,-1,Start,false,false,false,false,0.0,reset
1427268833,0,TryOpenVault,false,false,false,false,0.0,chooseOV
1427268833,1,Start,false,true,false,false,0.0,add(OpenVault)
1427268833,2,TryBlowUp,false,true,false,false,0.0,chooseBU
1427268833,3,Start,false,true,false,false,0.0,fail(BlowUp)
1427268833,4,TryBlowUp,false,true,false,false,0.0,chooseBU
1427268833,5,TryBlowUp,false,true,false,false,0.0,deadlock
1444165800,-1,Start,false,false,false,false,0.0,reset
1444165800,0,TryBlowUp,false,false,false,false,0.0,chooseBU
1444165800,1,Start,false,false,false,false,0.0,fail(BlowUp)
1444165800,2,TryOpenVault,false,false,false,false,0.0,chooseOV
1444165800,3,Start,false,true,false,false,0.0,add(OpenVault)
1444165800,4,TryBlowUp,false,true,false,false,0.0,chooseBU
1444165800,5,TryBlowUp,false,true,false,false,0.0,deadlock
37099555,-1,Start,false,false,false,false,0.0,reset
37099555,0,TryBlowUp,false,false,false,false,0.0,chooseBU
37099555,1,Start,false,false,false,false,0.0,fail(BlowUp)
37099555,2,TryBlowUp,false,false,false,false,0.0,chooseBU
37099555,3,TryBlowUp,false,false,false,false,0.0,deadlock
1009163847,-1,Start,false,false,false,false,0.0,reset
1009163847,0,TryOpenVault,false,false,false,false,0.0,chooseOV
1009163847,1,Start,false,true,false,false,0.0,add(OpenVault)
1009163847,2,TryBlowUp,false,true,false,false,0.0,chooseBU
1009163847,3,Start,false,true,false,false,0.0,fail(BlowUp)
1009163847,4,Complete,true,true,false,false,0.0,add(RobBank)
1009163847,5,Complete,true,true,false,false,0.0,deadlock
771715274,-1,Start,false,false,false,false,0.0,reset
771715274,0,TryBlowUp,false,false,false,false,0.0,chooseBU
771715274,1,Start,false,false,false,false,0.0,fail(BlowUp)
771715274,2,TryOpenVault,false,false,false,false,0.0,chooseOV
771715274,3,Start,false,true,false,false,0.0,add(OpenVault)
771715274,4,TryBlowUp,false,true,false,false,0.0,chooseBU
771715274,5,TryBlowUp,false,true,false,false,0.0,deadlock
582695375,-1,Start,false,false,false,false,0.0,reset
582695375,0,TryBlowUp,false,false,false,false,0.0,chooseBU
582695375,1,Start,false,false,false,false,0.0,fail(BlowUp)
582695375,2,TryBlowUp,false,false,false,false,0.0,chooseBU
582695375,3,TryBlowUp,false,false,false,false,0.0,deadlock
626067606,-1,Start,false,false,false,false,0.0,reset
626067606,0,TryOpenVault,false,false,false,false,0.0,chooseOV
626067606,1,Start,false,true,false,false,0.0,add(OpenVault)
626067606,2,TryBlowUp,false,true,false,false,0.0,chooseBU
626067606,3,Start,false,true,false,false,0.0,fail(BlowUp)
626067606,4,Complete,true,true,false,false,0.0,add(RobBank)
626067606,5,Complete,true,true,false,false,0.0,deadlock
262196497,-1,Start,false,false,false,false,0.0,reset
262196497,0,TryOpenVault,false,false,false,false,0.0,chooseOV
262196497,1,Start,false,true,false,false,0.0,add(OpenVault)
262196497,2,Complete,true,true,false,false,0.0,add(RobBank)
262196497,3,Complete,true,true,false,false,0.0,deadlock
1596116818,-1,Start,false,false,false,false,0.0,reset
1596116818,0,TryOpenVault,false,false,false,false,0.0,chooseOV
1596116818,1,Start,false,false,false,false,0.0,fail(OpenVault)
1596116818,2,TryOpenVault,false,false,false,false,0.0,chooseOV
1596116818,3,Start,false,true,false,false,0.0,add(OpenVault)
1596116818,4,Complete,false,true,false,false,0.0,fail(RobBank)
1596116818,5,Complete,false,true,false,false,0.0,deadlock
579946745,-1,Start,false,false,false,false,0.0,reset
579946745,0,TryBlowUp,false,false,false,false,0.0,chooseBU
579946745,1,Start,false,false,false,false,0.0,fail(BlowUp)
579946745,2,TryOpenVault,false,false,false,false,0.0,chooseOV
579946745,3,Start,false,true,false,false,0.0,add(OpenVault)
579946745,4,Complete,false,true,false,false,0.0,fail(RobBank)
579946745,5,Complete,false,true,false,false,0.0,deadlock
1901271616,-1,Start,false,false,false,false,0.0,reset
1901271616,0,TryBlowUp,false,false,false,false,0.0,chooseBU
1901271616,1,Start,false,false,false,false,0.0,fail(BlowUp)
1901271616,2,TryBlowUp,false,false,false,false,0.0,chooseBU
1901271616,3,TryBlowUp,false,false,false,false,0.0,deadlock
901127499,-1,Start,false,false,false,false,0.0,reset
901127499,0,TryOpenVault,false,false,false,false,0.0,chooseOV
901127499,1,Start,false,true,false,false,0.0,add(OpenVault)
901127499,2,TryBlowUp,false,true,false,false,0.0,chooseBU
901127499,3,Start,false,true,false,false,0.0,fail(BlowUp)
901127499,4,Complete,false,true,false,false,0.0,fail(RobBank)
901127499,5,Complete,false,true,false,false,0.0,deadlock
1421648814,-1,Start,false,false,false,false,0.0,reset
1421648814,0,TryBlowUp,false,false,false,false,0.0,chooseBU
1421648814,1,Start,false,false,false,false,0.0,fail(BlowUp)
1421648814,2,TryBlowUp,false,false,false,false,0.0,chooseBU
1421648814,3,TryBlowUp,false,false,false,false,0.0,deadlock
1899361979,-1,Start,false,false,false,false,0.0,reset
1899361979,0,TryBlowUp,false,false,false,false,0.0,chooseBU
1899361979,1,Start,false,false,false,false,0.0,fail(BlowUp)
1899361979,2,TryBlowUp,false,false,false,false,0.0,chooseBU
1899361979,3,TryBlowUp,false,false,false,false,0.0,deadlock
702617223,-1,Start,false,false,false,false,0.0,reset
702617223,0,TryBlowUp,false,false,false,false,0.0,chooseBU
702617223,1,Start,false,false,false,false,0.0,fail(BlowUp)
702617223,2,TryBlowUp,false,false,false,false,0.0,chooseBU
702617223,3,TryBlowUp,false,false,false,false,0.0,deadlock
1600020639,-1,Start,false,false,false,false,0.0,reset
1600020639,0,TryBlowUp,false,false,false,false,0.0,chooseBU
1600020639,1,Start,false,false,false,false,0.0,fail(BlowUp)
1600020639,2,TryOpenVault,false,false,false,false,0.0,chooseOV
1600020639,3,Start,false,true,false,false,0.0,add(OpenVault)
1600020639,4,TryBlowUp,false,true,false,false,0.0,chooseBU
1600020639,5,TryBlowUp,false,true,false,false,0.0,deadlock
524550777,-1,Start,false,false,false,false,0.0,reset
524550777,0,TryOpenVault,false,false,false,false,0.0,chooseOV
524550777,1,Start,false,false,false,false,0.0,fail(OpenVault)
524550777,2,TryBlowUp,false,false,false,false,0.0,chooseBU
524550777,3,Start,false,false,false,false,0.0,fail(BlowUp)
524550777,4,TryBlowUp,false,false,false,false,0.0,chooseBU
524550777,5,TryBlowUp,false,false,false,false,0.0,deadlock
676610625,-1,Start,false,false,false,false,0.0,reset
676610625,0,TryBlowUp,false,false,false,false,0.0,chooseBU
676610625,1,Start,false,false,false,false,0.0,fail(BlowUp)
676610625,2,TryOpenVault,false,false,false,false,0.0,chooseOV
676610625,3,Start,false,false,false,false,0.0,fail(OpenVault)
676610625,4,TryBlowUp,false,false,false,false,0.0,chooseBU
676610625,5,TryBlowUp,false,false,false,false,0.0,deadlock
1726230902,-1,Start,false,false,false,false,0.0,reset
1726230902,0,TryBlowUp,false,false,false,false,0.0,chooseBU
1726230902,1,Start,false,false,false,false,0.0,fail(BlowUp)
1726230902,2,TryBlowUp,false,false,false,false,0.0,chooseBU
1726230902,3,TryBlowUp,false,false,false,false,0.0,deadlock
606534647,-1,Start,false,false,false,false,0.0,reset
606534647,0,TryBlowUp,false,false,false,false,0.0,chooseBU
606534647,1,Start,false,false,false,false,0.0,fail(BlowUp)
606534647,2,TryBlowUp,false,false,false,false,0.0,chooseBU
606534647,3,TryBlowUp,false,false,false,false,0.0,deadlock
237383377,-1,Start,false,false,false,false,0.0,reset
237383377,0,TryBlowUp,false,false,false,false,0.0,chooseBU
237383377,1,Start,false,false,false,false,0.0,fail(BlowUp)
237383377,2,TryBlowUp,false,false,false,false,0.0,chooseBU
237383377,3,TryBlowUp,false,false,false,false,0.0,deadlock
1826521790,-1,Start,false,false,false,false,0.0,reset
1826521790,0,TryOpenVault,false,false,false,false,0.0,chooseOV
1826521790,1,Start,false,true,false,false,0.0,add(OpenVault)
1826521790,2,Complete,true,true,false,false,0.0,add(RobBank)
1826521790,3,Complete,true,true,false,false,0.0,deadlock
765934237,-1,Start,false,false,false,false,0.0,reset
765934237,0,TryOpenVault,false,false,false,false,0.0,chooseOV
765934237,1,Start,false,true,false,false,0.0,add(OpenVault)
765934237,2,TryBlowUp,false,true,false,false,0.0,chooseBU
765934237,3,Start,false,true,false,false,0.0,fail(BlowUp)
765934237,4,TryBlowUp,false,true,false,false,0.0,chooseBU
765934237,5,TryBlowUp,false,true,false,false,0.0,deadlock
1386808107,-1,Start,false,false,false,false,0.0,reset
1386808107,0,TryBlowUp,false,false,false,false,0.0,chooseBU
1386808107,1,Start,false,false,false,false,0.0,fail(BlowUp)
1386808107,2,TryBlowUp,false,false,false,false,0.0,chooseBU
1386808107,3,TryBlowUp,false,false,false,false,0.0,deadlock
69569940,-1,Start,false,false,false,false,0.0,reset
69569940,0,TryBlowUp,false,false,false,false,0.0,chooseBU
69569940,1,Start,false,false,false,false,0.0,fail(BlowUp)
69569940,2,TryBlowUp,false,false,false,false,0.0,chooseBU
69569940,3,TryBlowUp,false,false,false,false,0.0,deadlock
1549025404,-1,Start,false,false,false,false,0.0,reset
1549025404,0,TryOpenVault,false,false,false,false,0.0,chooseOV
1549025404,1,Start,false,true,false,false,0.0,add(OpenVault)
1549025404,2,Complete,true,true,false,false,0.0,add(RobBank)
1549025404,3,Complete,true,true,false,false,0.0,deadlock
1413319656,-1,Start,false,false,false,false,0.0,reset
1413319656,0,TryBlowUp,false,false,false,false,0.0,chooseBU
1413319656,1,Start,false,false,false,false,0.0,fail(BlowUp)
1413319656,2,TryBlowUp,false,false,false,false,0.0,chooseBU
1413319656,3,TryBlowUp,false,false,false,false,0.0,deadlock
1965917997,-1,Start,false,false,false,false,0.0,reset
1965917997,0,TryBlowUp,false,false,false,false,0.0,chooseBU
1965917997,1,Start,false,false,false,false,0.0,fail(BlowUp)
1965917997,2,TryOpenVault,false,false,false,false,0.0,chooseOV
1965917997,3,Start,false,true,false,false,0.0,add(OpenVault)
1965917997,4,Complete,true,true,false,false,0.0,add(RobBank)
1965917997,5,Complete,true,true,false,false,0.0,deadlock
1016130281,-1,Start,false,false,false,false,0.0,reset
1016130281,0,TryOpenVault,false,false,false,false,0.0,chooseOV
1016130281,1,Start,false,false,false,false,0.0,fail(OpenVault)
1016130281,2,TryOpenVault,false,false,false,false,0.0,chooseOV
1016130281,3,Start,false,true,false,false,0.0,add(OpenVault)
1016130281,4,TryBlowUp,false,true,false,false,0.0,chooseBU
1016130281,5,Start,false,true,false,false,0.0,fail(BlowUp)
1016130281,6,Complete,true,true,false,false,0.0,add(RobBank)
1016130281,7,Complete,true,true,false,false,0.0,deadlock
1805460143,-1,Start,false,false,false,false,0.0,reset
1805460143,0,TryOpenVault,false,false,false,false,0.0,chooseOV
1805460143,1,Start,false,true,false,false,0.0,add(OpenVault)
1805460143,2,TryBlowUp,false,true,false,false,0.0,chooseBU
1805460143,3,Start,false,true,false,false,0.0,fail(BlowUp)
1805460143,4,TryBlowUp,false,true,false,false,0.0,chooseBU
1805460143,5,TryBlowUp,false,true,false,false,0.0,deadlock
1883829726,-1,Start,false,false,false,false,0.0,reset
1883829726,0,TryOpenVault,false,false,false,false,0.0,chooseOV
1883829726,1,Start,false,true,false,false,0.0,add(OpenVault)
1883829726,2,TryBlowUp,false,true,false,false,0.0,chooseBU
1883829726,3,Start,false,true,false,false,0.0,fail(BlowUp)
1883829726,4,TryBlowUp,false,true,false,false,0.0,chooseBU
1883829726,5,TryBlowUp,false,true,false,false,0.0,deadlock
629792031,-1,Start,false,false,false,false,0.0,reset
629792031,0,TryBlowUp,false,false,false,false,0.0,chooseBU
629792031,1,Start,false,false,false,false,0.0,fail(BlowUp)
629792031,2,TryBlowUp,false,false,false,false,0.0,chooseBU
629792031,3,TryBlowUp,false,false,false,false,0.0,deadlock
1875412929,-1,Start,false,false,false,false,0.0,reset
1875412929,0,TryBlowUp,false,false,false,false,0.0,chooseBU
1875412929,1,Start,false,false,false,false,0.0,fail(BlowUp)
1875412929,2,TryBlowUp,false,false,false,false,0.0,chooseBU
1875412929,3,TryBlowUp,false,false,false,false,0.0,deadlock
2031776058,-1,Start,false,false,false,false,0.0,reset
2031776058,0,TryBlowUp,false,false,false,false,0.0,chooseBU
2031776058,1,Start,false,false,false,false,0.0,fail(BlowUp)
2031776058,2,TryBlowUp,false,false,false,false,0.0,chooseBU
2031776058,3,TryBlowUp,false,false,false,false,0.0,deadlock
1230283327,-1,Start,false,false,false,false,0.0,reset
1230283327,0,TryOpenVault,false,false,false,false,0.0,chooseOV
1230283327,1,Start,false,true,false,false,0.0,add(OpenVault)
1230283327,2,Complete,true,true,false,false,0.0,add(RobBank)
1230283327,3,Complete,true,true,false,false,0.0,deadlock
574998175,-1,Start,false,false,false,false,0.0,reset
574998175,0,TryBlowUp,false,false,false,false,0.0,chooseBU
574998175,1,Start,false,false,false,false,0.0,fail(BlowUp)
574998175,2,TryBlowUp,false,false,false,false,0.0,chooseBU
574998175,3,TryBlowUp,false,false,false,false,0.0,deadlock
237257576,-1,Start,false,false,false,false,0.0,reset
237257576,0,TryOpenVault,false,false,false,false,0.0,chooseOV
237257576,1,Start,false,false,false,false,0.0,fail(OpenVault)
237257576,2,TryBlowUp,false,false,false,false,0.0,chooseBU
237257576,3,Start,false,false,false,false,0.0,fail(BlowUp)
237257576,4,TryBlowUp,false,false,false,false,0.0,chooseBU
237257576,5,TryBlowUp,false,false,false,false,0.0,deadlock
1485051381,-1,Start,false,false,false,false,0.0,reset
1485051381,0,TryOpenVault,false,false,false,false,0.0,chooseOV
1485051381,1,Start,false,false,false,false,0.0,fail(OpenVault)
1485051381,2,TryBlowUp,false,false,false,false,0.0,chooseBU
1485051381,3,Start,false,false,false,false,0.0,fail(BlowUp)
1485051381,4,TryOpenVault,false,false,false,false,0.0,chooseOV
1485051381,5,Start,false,true,false,false,0.0,add(OpenVault)
1485051381,6,TryBlowUp,false,true,false,false,0.0,chooseBU
1485051381,7,TryBlowUp,false,true,false,false,0.0,deadlock
831826735,-1,Start,false,false,false,false,0.0,reset
831826735,0,TryBlowUp,false,false,false,false,0.0,chooseBU
831826735,1,Start,false,false,false,false,0.0,fail(BlowUp)
831826735,2,TryBlowUp,false,false,false,false,0.0,chooseBU
831826735,3,TryBlowUp,false,false,false,false,0.0,deadlock
1826209500,-1,Start,false,false,false,false,0.0,reset
1826209500,0,TryOpenVault,false,false,false,false,0.0,chooseOV
1826209500,1,Start,false,false,false,false,0.0,fail(OpenVault)
1826209500,2,TryBlowUp,false,false,false,false,0.0,chooseBU
1826209500,3,Start,false,false,false,false,0.0,fail(BlowUp)
1826209500,4,TryBlowUp,false,false,false,false,0.0,chooseBU
1826209500,5,TryBlowUp,false,false,false,false,0.0,deadlock
1271009459,-1,Start,false,false,false,false,0.0,reset
1271009459,0,TryBlowUp,false,false,false,false,0.0,chooseBU
1271009459,1,Start,false,false,false,false,0.0,fail(BlowUp)
1271009459,2,TryBlowUp,false,false,false,false,0.0,chooseBU
1271009459,3,TryBlowUp,false,false,false,false,0.0,deadlock
755559480,-1,Start,false,false,false,false,0.0,reset
755559480,0,TryBlowUp,false,false,false,false,0.0,chooseBU
755559480,1,Start,false,false,false,false,0.0,fail(BlowUp)
755559480,2,TryOpenVault,false,false,false,false,0.0,chooseOV
755559480,3,Start,false,true,false,false,0.0,add(OpenVault)
755559480,4,TryBlowUp,false,true,false,false,0.0,chooseBU
755559480,5,TryBlowUp,false,true,false,false,0.0,deadlock
850197323,-1,Start,false,false,false,false,0.0,reset
850197323,0,TryBlowUp,false,false,false,false,0.0,chooseBU
850197323,1,Start,false,false,false,false,0.0,fail(BlowUp)
850197323,2,TryOpenVault,false,false,false,false,0.0,chooseOV
850197323,3,Start,false,false,false,false,0.0,fail(OpenVault)
850197323,4,TryBlowUp,false,false,false,false,0.0,chooseBU
850197323,5,TryBlowUp,false,false,false,false,0.0,deadlock
163636063,-1,Start,false,false,false,false,0.0,reset
163636063,0,TryBlowUp,false,false,false,false,0.0,chooseBU
163636063,1,Start,false,false,false,false,0.0,fail(BlowUp)
163636063,2,TryOpenVault,false,false,false,false,0.0,chooseOV
163636063,3,Start,false,false,false,false,0.0,fail(OpenVault)
163636063,4,TryBlowUp,false,false,false,false,0.0,chooseBU
163636063,5,TryBlowUp,false,false,false,false,0.0,deadlock
653195736,-1,Start,false,false,false,false,0.0,reset
653195736,0,TryBlowUp,false,false,false,false,0.0,chooseBU
653195736,1,Start,false,false,false,false,0.0,fail(BlowUp)
653195736,2,TryBlowUp,false,false,false,false,0.0,chooseBU
653195736,3,TryBlowUp,false,false,false,false,0.0,deadlock
710360848,-1,Start,false,false,false,false,0.0,reset
710360848,0,TryBlowUp,false,false,false,false,0.0,chooseBU
710360848,1,Start,false,false,false,false,0.0,fail(BlowUp)
710360848,2,TryBlowUp,false,false,false,false,0.0,chooseBU
710360848,3,TryBlowUp,false,false,false,false,0.0,deadlock
447357062,-1,Start,false,false,false,false,0.0,reset
447357062,0,TryBlowUp,false,false,false,false,0.0,chooseBU
447357062,1,Start,false,false,false,false,0.0,fail(BlowUp)
447357062,2,TryBlowUp,false,false,false,false,0.0,chooseBU
447357062,3,TryBlowUp,false,false,false,false,0.0,deadlock
216623683,-1,Start,false,false,false,false,0.0,reset
216623683,0,TryBlowUp,false,false,false,false,0.0,chooseBU
216623683,1,Start,false,false,false,false,0.0,fail(BlowUp)
216623683,2,TryBlowUp,false,false,false,false,0.0,chooseBU
216623683,3,TryBlowUp,false,false,false,false,0.0,deadlock
2019269226,-1,Start,false,false,false,false,0.0,reset
2019269226,0,TryOpenVault,false,false,false,false,0.0,chooseOV
2019269226,1,Start,false,false,false,false,0.0,fail(OpenVault)
2019269226,2,TryBlowUp,false,false,false,false,0.0,chooseBU
2019269226,3,Start,false,false,false,false,0.0,fail(BlowUp)
2019269226,4,TryOpenVault,false,false,false,false,0.0,chooseOV
2019269226,5,Start,false,false,false,false,0.0,fail(OpenVault)
2019269226,6,TryOpenVault,false,false,false,false,0.0,chooseOV
2019269226,7,Start,false,true,false,false,0.0,add(OpenVault)
2019269226,8,Complete,true,true,false,false,0.0,add(RobBank)
2019269226,9,Complete,true,true,false,false,0.0,deadlock
1691332461,-1,Start,false,false,false,false,0.0,reset
1691332461,0,TryBlowUp,false,false,false,false,0.0,chooseBU
1691332461,1,Start,false,false,false,false,0.0,fail(BlowUp)
1691332461,2,TryBlowUp,false,false,false,false,0.0,chooseBU
1691332461,3,TryBlowUp,false,false,false,false,0.0,deadlock
989159633,-1,Start,false,false,false,false,0.0,reset
989159633,0,TryOpenVault,false,false,false,false,0.0,chooseOV
989159633,1,Start,false,true,false,false,0.0,add(OpenVault)
989159633,2,TryBlowUp,false,true,false,false,0.0,chooseBU
989159633,3,Start,false,true,false,false,0.0,fail(BlowUp)
989159633,4,TryBlowUp,false,true,false,false,0.0,chooseBU
989159633,5,TryBlowUp,false,true,false,false,0.0,deadlock
712256076,-1,Start,false,false,false,false,0.0,reset
712256076,0,TryOpenVault,false,false,false,false,0.0,chooseOV
712256076,1,Start,false,true,false,false,0.0,add(OpenVault)
712256076,2,TryBlowUp,false,true,false,false,0.0,chooseBU
712256076,3,Start,false,true,false,false,0.0,fail(BlowUp)
712256076,4,Complete,false,true,false,false,0.0,fail(RobBank)
712256076,5,Complete,false,true,false,false,0.0,deadlock
301596576,-1,Start,false,false,false,false,0.0,reset
301596576,0,TryOpenVault,false,false,false,false,0.0,chooseOV
301596576,1,Start,false,false,false,false,0.0,fail(OpenVault)
301596576,2,TryBlowUp,false,false,false,false,0.0,chooseBU
301596576,3,Start,false,false,false,false,0.0,fail(BlowUp)
301596576,4,TryBlowUp,false,false,false,false,0.0,chooseBU
301596576,5,TryBlowUp,false,false,false,false,0.0,deadlock
1886700299,-1,Start,false,false,false,false,0.0,reset
1886700299,0,TryBlowUp,false,false,false,false,0.0,chooseBU
1886700299,1,Start,false,false,false,false,0.0,fail(BlowUp)
1886700299,2,TryOpenVault,false,false,false,false,0.0,chooseOV
1886700299,3,Start,false,false,false,false,0.0,fail(OpenVault)
1886700299,4,TryBlowUp,false,false,false,false,0.0,chooseBU
1886700299,5,TryBlowUp,false,false,false,false,0.0,deadlock
